date,iteration,buy_hour,sell_hour,buy_price_predicted,sell_price_predicted,buy_price_actual,sell_price_actual,gross_spread,net_pnl_per_mwh,total_pnl,forecast_error_buy,forecast_error_sell
2024-01-12,1,2024-01-13 02:00:00,2024-01-12 17:00:00,80.49400730464798,137.53205331723203,78.47,126.0,47.53,-171.87892031146274,-17187.892031146275,-2.0240073046479807,-11.532053317232027
2024-01-13,2,2024-01-14 04:00:00,2024-01-13 08:00:00,73.74022070576703,125.31897359959667,73.13,94.83,21.700000000000003,-197.06812031146274,-19706.812031146274,-0.6102207057670341,-30.488973599596676
2024-01-14,3,2024-01-14 12:00:00,2024-01-15 05:00:00,54.696880695022,109.51901130921286,77.04,81.1,4.059999999999988,-215.17732031146272,-21517.73203114627,22.343119304978003,-28.419011309212863
2024-01-15,4,2024-01-16 02:00:00,2024-01-15 17:00:00,66.04207974750588,122.67742741497668,78.65,112.85,34.19999999999999,-185.23052031146273,-18523.05203114627,12.607920252494125,-9.827427414976682
2024-01-16,5,2024-01-17 02:00:00,2024-01-16 18:00:00,78.91227239652187,134.23654634422348,70.07,116.92,46.85000000000001,-171.55092031146273,-17155.092031146272,-8.842272396521878,-17.316546344223482
2024-01-17,6,2024-01-18 01:00:00,2024-01-17 08:00:00,71.97390935224297,137.65188367803043,70.54,106.24,35.69999999999999,-182.75732031146273,-18275.73203114627,-1.4339093522429636,-31.411883678030435
2024-01-18,7,2024-01-19 03:00:00,2024-01-18 17:00:00,65.92179037539483,109.53427278210836,63.32,103.71,40.38999999999999,-177.20092031146274,-17720.092031146272,-2.6017903753948346,-5.824272782108366
2024-01-19,8,2024-01-20 01:00:00,2024-01-19 17:00:00,60.35847074402459,106.46719960327988,70.58,95.62,25.040000000000006,-193.42212031146272,-19342.21203114627,10.221529255975412,-10.847199603279876
2024-01-20,9,2024-01-20 12:00:00,2024-01-20 17:00:00,53.87727395608476,92.40868863465204,69.84,99.94,30.099999999999994,-188.27332031146273,-18827.332031146274,15.962726043915247,7.53131136534796
2024-01-21,10,2024-01-21 12:00:00,2024-01-21 17:00:00,50.25015469895642,91.73743887146718,47.42,77.19,29.769999999999996,-185.91292031146276,-18591.292031146277,-2.83015469895642,-14.547438871467179
2024-01-22,11,2024-01-23 02:00:00,2024-01-22 07:00:00,45.01954251727462,96.7564944196311,9.66,85.22,75.56,-135.59172031146272,-13559.172031146272,-35.35954251727462,-11.536494419631097
2024-01-23,12,2024-01-24 01:00:00,2024-01-23 17:00:00,42.46181410198096,103.68270455242204,6.69,85.89,79.2,-131.59532031146273,-13159.532031146273,-35.771814101980965,-17.792704552422038
2024-01-24,13,2024-01-25 03:00:00,2024-01-24 17:00:00,17.002256753495814,85.81450034353152,57.26,83.14,25.880000000000003,-190.98372031146272,-19098.37203114627,40.257743246504184,-2.6745003435315198
2024-01-25,14,2024-01-25 12:00:00,2024-01-25 18:00:00,60.71695916842019,96.60878418781144,69.76,96.11,26.349999999999994,-192.01372031146272,-19201.37203114627,9.043040831579816,-0.4987841878114381
2024-01-26,15,2024-01-27 04:00:00,2024-01-26 07:00:00,46.84467876727567,100.76059275372523,57.22,80.45,23.230000000000004,-193.6289203114627,-19362.89203114627,10.375321232724332,-20.31059275372523
2024-01-27,16,2024-01-27 13:00:00,2024-01-27 18:00:00,39.697210031747616,87.67088376358073,59.75,92.51,32.760000000000005,-184.4025203114627,-18440.25203114627,20.052789968252384,4.839116236419272
2024-01-28,17,2024-01-28 13:00:00,2024-01-28 17:00:00,35.00665324048522,90.28062428982156,40.09,73.34,33.25,-181.55332031146273,-18155.332031146274,5.083346759514782,-16.940624289821557
2024-01-29,18,2024-01-30 02:00:00,2024-01-30 06:00:00,64.23558938955246,95.84970809694714,65.1,91.04,25.940000000000012,-191.86452031146274,-19186.452031146273,0.8644106104475355,-4.8097080969471335
2024-01-30,19,2024-01-31 02:00:00,2024-01-30 17:00:00,54.54941714365613,116.40482117860032,69.82,99.76,29.940000000000012,-188.43092031146273,-18843.092031146272,15.270582856343864,-16.64482117860031
2024-01-31,20,2024-02-01 00:00:00,2024-01-31 17:00:00,61.68673471193807,101.72541505907772,46.99,90.16,43.169999999999995,-172.46132031146274,-17246.132031146273,-14.69673471193807,-11.565415059077722
2024-02-01,21,2024-02-02 00:00:00,2024-02-01 07:00:00,48.23147689105468,102.93073620674048,60.05,95.76,35.71000000000001,-181.4885203114627,-18148.85203114627,11.818523108945314,-7.170736206740472
2024-02-02,22,2024-02-03 03:00:00,2024-02-02 17:00:00,47.744931739087626,100.3149553658514,15.45,80.16,64.71,-147.13652031146273,-14713.652031146274,-32.29493173908763,-20.154955365851407
2024-02-03,23,2024-02-03 13:00:00,2024-02-03 18:00:00,25.93777672648088,74.49874653607348,41.76,77.05,35.29,-179.71372031146274,-17971.372031146275,15.822223273519118,2.551253463926514
2024-02-04,24,2024-02-04 12:00:00,2024-02-05 06:00:00,33.92484801597439,86.22696187065816,6.16,83.15,76.99000000000001,-133.74172031146273,-13374.172031146272,-27.76484801597439,-3.0769618706581525
2024-02-05,25,2024-02-06 03:00:00,2024-02-05 17:00:00,23.19435751557082,103.17400192024138,7.1,89.13,82.03,-128.81452031146273,-12881.452031146273,-16.09435751557082,-14.044001920241385
2024-02-06,26,2024-02-07 03:00:00,2024-02-06 17:00:00,38.46457198922354,97.2756571965264,16.02,78.77,62.75,-149.16492031146274,-14916.492031146274,-22.444571989223544,-18.5056571965264
2024-02-07,27,2024-02-08 03:00:00,2024-02-07 07:00:00,24.48669753254622,84.75364545705371,45.75,74.49,28.739999999999995,-186.74252031146273,-18674.252031146272,21.26330246745378,-10.263645457053713
2024-02-08,28,2024-02-09 04:00:00,2024-02-08 18:00:00,51.795940547217306,87.94059859526094,11.14,61.09,49.95,-161.37932031146272,-16137.932031146272,-40.655940547217305,-26.850598595260934
2024-02-09,29,2024-02-10 04:00:00,2024-02-09 19:00:00,19.44788319885354,69.99957223834237,65.82,81.01,15.190000000000012,-202.7009203114627,-20270.092031146272,46.372116801146454,11.010427761657638
2024-02-10,30,2024-02-10 13:00:00,2024-02-10 18:00:00,38.91334536068469,80.78814650820867,69.53,82.46,12.929999999999993,-205.40612031146276,-20540.612031146276,30.616654639315314,1.6718534917913246
2024-02-11,31,2024-02-11 12:00:00,2024-02-12 06:00:00,44.32867286394147,89.98299706525296,44.47,85.41,40.94,-174.38892031146273,-17438.89203114627,0.14132713605852842,-4.572997065252963
2024-02-12,32,2024-02-13 01:00:00,2024-02-13 07:00:00,53.6918903721518,96.67040121403062,63.41,89.12,25.710000000000008,-191.8917203114627,-19189.17203114627,9.718109627848193,-7.5504012140306145
2024-02-13,33,2024-02-14 03:00:00,2024-02-13 17:00:00,51.51164886449561,95.58190250355662,55.06,94.53,39.47,-177.12972031146273,-17712.972031146273,3.54835113550439,-1.0519025035566187
2024-02-14,34,2024-02-15 02:00:00,2024-02-14 18:00:00,48.8390794647065,91.52120004551504,43.77,85.16,41.38999999999999,-173.85492031146273,-17385.492031146274,-5.069079464706498,-6.361200045515048
2024-02-15,35,2024-02-16 03:00:00,2024-02-15 17:00:00,48.67013749470747,92.30689089450286,42.0,69.13,27.129999999999995,-187.90252031146272,-18790.252031146272,-6.670137494707468,-23.17689089450286
2024-02-16,36,2024-02-16 12:00:00,2024-02-16 17:00:00,43.58434528701935,71.99870764071119,54.27,78.13,23.859999999999992,-192.64492031146276,-19264.492031146274,10.68565471298065,6.131292359288807
2024-02-17,37,2024-02-18 02:00:00,2024-02-17 17:00:00,36.251862925652006,76.61847019570817,49.16,67.45,18.290000000000006,-197.6017203114627,-19760.17203114627,12.90813707434799,-9.168470195708167
2024-02-18,38,2024-02-18 12:00:00,2024-02-19 07:00:00,38.45374536547705,91.27382598951218,33.5,83.97,50.47,-163.54252031146274,-16354.252031146274,-4.953745365477047,-7.303825989512177
2024-02-19,39,2024-02-20 01:00:00,2024-02-20 07:00:00,57.11176648051038,85.81553481112225,53.96,81.47,27.509999999999998,-188.95772031146274,-18895.772031146273,-3.151766480510382,-4.345534811122249
2024-02-20,40,2024-02-21 02:00:00,2024-02-20 18:00:00,51.609167652253376,83.3090713482079,44.95,75.44,30.489999999999995,-184.89652031146272,-18489.652031146274,-6.659167652253373,-7.869071348207896
2024-02-21,41,2024-02-22 03:00:00,2024-02-22 08:00:00,50.47985433821037,80.12333157911357,15.17,59.14,43.97,-167.84292031146273,-16784.292031146273,-35.30985433821037,-20.983331579113567
2024-02-22,42,2024-02-23 03:00:00,2024-02-22 19:00:00,42.2375526701229,69.3334932462676,2.58,44.32,41.74,-168.5621203114627,-16856.21203114627,-39.657552670122904,-25.013493246267593
2024-02-23,43,2024-02-23 11:00:00,2024-02-23 17:00:00,42.273677155176,67.12591220626018,39.96,86.44,46.48,-168.30772031146273,-16830.772031146273,-2.313677155176002,19.314087793739816
2024-02-24,44,2024-02-25 08:00:00,2024-02-24 18:00:00,38.7157139405984,83.34335527166239,63.42,74.13,10.709999999999994,-206.89292031146272,-20689.292031146273,24.704286059401603,-9.213355271662394
2024-02-25,45,2024-02-25 12:00:00,2024-02-26 07:00:00,26.54806342611436,74.82420961269223,46.03,81.6,35.56999999999999,-179.94612031146272,-17994.612031146273,19.48193657388564,6.775790387307765
2024-02-26,46,2024-02-27 03:00:00,2024-02-27 06:00:00,55.45006635349907,84.12602242266443,57.35,69.24,11.889999999999993,-204.98452031146275,-20498.452031146273,1.8999336465009335,-14.886022422664439
2024-02-27,47,2024-02-28 02:00:00,2024-02-28 07:00:00,52.47074444250264,83.69322688849894,63.46,104.49,41.029999999999994,-176.5777203114627,-17657.772031146273,10.989255557497358,20.796773111501054
2024-02-28,48,2024-02-29 00:00:00,2024-02-29 07:00:00,54.12876710301064,94.04725302146436,54.03,74.95,20.92,-195.55612031146273,-19555.612031146273,-0.09876710301063696,-19.097253021464354
2024-02-29,49,2024-03-01 03:00:00,2024-02-29 18:00:00,42.0733904665202,79.13420183516958,58.3,80.99,22.689999999999998,-194.29852031146274,-19429.852031146274,16.226609533479795,1.8557981648304178
2024-03-01,50,2024-03-02 03:00:00,2024-03-01 17:00:00,46.49671872910082,84.70947389020459,54.88,82.45,27.57,-189.00812031146273,-18900.812031146274,8.383281270899182,-2.259473890204589
2024-03-02,51,2024-03-03 03:00:00,2024-03-02 18:00:00,34.86425106781789,77.82817530049019,55.41,89.9,34.49000000000001,-182.15172031146273,-18215.172031146274,20.545748932182107,12.071824699509818
2024-03-03,52,2024-03-03 12:00:00,2024-03-03 17:00:00,39.91169082789905,90.7717192685245,42.51,78.53,36.02,-179.07372031146272,-17907.37203114627,2.5983091721009473,-12.241719268524506
2024-03-04,53,2024-03-04 12:00:00,2024-03-05 07:00:00,63.32970282226327,95.58508615489625,61.29,83.02,21.729999999999997,-195.61732031146275,-19561.732031146275,-2.0397028222632727,-12.56508615489625
2024-03-05,54,2024-03-06 02:00:00,2024-03-05 17:00:00,56.38192907613355,96.518523327572,69.74,104.66,34.92,-183.44132031146273,-18344.132031146273,13.358070923866443,8.141476672427999
2024-03-06,55,2024-03-06 12:00:00,2024-03-06 18:00:00,62.43577992613605,110.05598077235582,69.29,119.27,49.97999999999999,-168.32732031146273,-16832.73203114627,6.8542200738639565,9.214019227644172
2024-03-07,56,2024-03-07 12:00:00,2024-03-07 18:00:00,63.441943701035335,111.93917742232016,59.82,89.57,29.749999999999993,-187.42092031146274,-18742.092031146272,-3.6219437010353346,-22.369177422320163
2024-03-08,57,2024-03-08 12:00:00,2024-03-08 18:00:00,55.60368088276738,92.25083023480192,29.07,81.96,52.88999999999999,-160.59092031146275,-16059.092031146276,-26.533680882767378,-10.29083023480193
2024-03-09,58,2024-03-09 13:00:00,2024-03-09 18:00:00,32.97214102796354,82.7218194538762,17.85,77.5,59.65,-152.48452031146272,-15248.452031146271,-15.122141027963536,-5.2218194538761935
2024-03-10,59,2024-03-10 12:00:00,2024-03-11 07:00:00,15.727663288534648,91.23895649447266,45.26,85.86,40.6,-174.82372031146272,-17482.37203114627,29.532336711465348,-5.378956494472661
2024-03-11,60,2024-03-12 02:00:00,2024-03-11 18:00:00,57.7282307275598,89.40115131073499,65.2,107.93,42.730000000000004,-175.08652031146272,-17508.652031146274,7.471769272440206,18.52884868926502
2024-03-12,61,2024-03-13 02:00:00,2024-03-12 18:00:00,62.8227819345001,106.88925080122183,45.97,98.99,53.019999999999996,-162.48892031146272,-16248.892031146272,-16.8527819345001,-7.899250801221839
2024-03-13,62,2024-03-14 03:00:00,2024-03-13 18:00:00,48.84580518990568,94.5616812067627,48.53,98.78,50.25,-165.56612031146273,-16556.612031146273,-0.3158051899056815,4.218318793237302
2024-03-14,63,2024-03-15 03:00:00,2024-03-14 18:00:00,47.85210724572796,94.57063277490477,21.96,85.82,63.85999999999999,-148.76772031146274,-14876.772031146274,-25.892107245727956,-8.750632774904773
2024-03-15,64,2024-03-15 11:00:00,2024-03-15 18:00:00,40.36936012839719,88.15659703640367,30.56,88.01,57.45,-156.20972031146272,-15620.972031146272,-9.809360128397191,-0.14659703640366217
2024-03-16,65,2024-03-16 13:00:00,2024-03-16 18:00:00,26.39263093973158,79.83385404301524,15.9,92.37,76.47,-135.43052031146271,-13543.052031146271,-10.492630939731578,12.536145956984768
2024-03-17,66,2024-03-17 13:00:00,2024-03-17 18:00:00,19.349055559040345,87.64787838775149,25.76,79.96,54.19999999999999,-158.88372031146272,-15888.372031146273,6.410944440959657,-7.687878387751496
2024-03-18,67,2024-03-18 13:00:00,2024-03-18 18:00:00,59.740156995183966,102.76671245747757,35.0,125.16,90.16,-124.03252031146272,-12403.252031146272,-24.740156995183966,22.39328754252243
2024-03-19,68,2024-03-19 13:00:00,2024-03-19 18:00:00,49.56497136429675,114.58091617534065,37.34,128.96,91.62,-122.85332031146271,-12285.33203114627,-12.22497136429675,14.37908382465936
2024-03-20,69,2024-03-20 13:00:00,2024-03-20 18:00:00,42.399450373427854,127.04818562026344,27.28,124.69,97.41,-115.85612031146272,-11585.612031146271,-15.119450373427853,-2.3581856202634413
2024-03-21,70,2024-03-22 00:00:00,2024-03-21 18:00:00,32.87093884501611,119.13826504368296,37.92,108.7,70.78,-143.76292031146272,-14376.292031146273,5.049061154983889,-10.43826504368296
2024-03-22,71,2024-03-22 13:00:00,2024-03-22 18:00:00,24.172887945552347,97.83369785482851,32.37,74.73,42.36000000000001,-171.5169203114627,-17151.69203114627,8.19711205444765,-23.10369785482851
2024-03-23,72,2024-03-23 13:00:00,2024-03-23 18:00:00,12.286290074117485,69.44869108203264,-7.1,37.01,44.11,-165.03052031146274,-16503.052031146275,-19.386290074117483,-32.43869108203264
2024-03-24,73,2024-03-24 23:00:00,2024-03-25 18:00:00,9.507499265111004,72.76227356915264,62.51,106.19,43.68,-173.81372031146273,-17381.372031146275,53.002500734889,33.42772643084736
2024-03-25,74,2024-03-26 12:00:00,2024-03-26 06:00:00,38.51842979918119,98.39251030632003,29.76,79.19,49.42999999999999,-164.13372031146275,-16413.372031146275,-8.75842979918119,-19.202510306320036
2024-03-26,75,2024-03-27 02:00:00,2024-03-27 18:00:00,30.87970806433588,100.01406959348154,48.13,95.41,47.279999999999994,-168.48812031146272,-16848.812031146274,17.250291935664123,-4.60406959348154
2024-03-27,76,2024-03-28 12:00:00,2024-03-28 18:00:00,36.36194217059443,93.24479580024392,0.05,59.87,59.82,-150.17852031146273,-15017.852031146273,-36.311942170594435,-33.37479580024392
2024-03-28,77,2024-03-29 12:00:00,2024-03-29 18:00:00,17.61314662667033,51.394367588591294,9.86,105.5,95.64,-115.53572031146273,-11553.572031146272,-7.753146626670329,54.105632411408706
2024-03-29,78,2024-03-30 11:00:00,2024-03-30 18:00:00,14.272446099990471,86.000948166831,20.26,94.24,73.97999999999999,-138.44372031146273,-13844.372031146273,5.98755390000953,8.239051833169
2024-03-30,79,2024-03-31 12:00:00,2024-03-31 18:00:00,5.027424913569647,86.36584274197503,1.03,31.62,30.59,-179.52612031146273,-17952.612031146273,-3.997424913569647,-54.745842741975025
2024-03-31,80,2024-04-01 12:00:00,2024-04-01 20:00:00,25.69994170558408,76.45005748933661,-0.01,26.72,26.73,-183.26132031146273,-18326.132031146273,-25.709941705584082,-49.730057489336616
2024-04-01,81,2024-04-02 02:00:00,2024-04-02 21:00:00,25.54648749801301,58.42060800234411,2.0,43.58,41.58,-168.65252031146275,-16865.252031146276,-23.54648749801301,-14.840608002344112
2024-04-02,82,2024-04-03 04:00:00,2024-04-03 18:00:00,19.11708399280505,79.94642875066269,8.49,35.0,26.509999999999998,-184.50132031146273,-18450.132031146273,-10.62708399280505,-44.94642875066269
2024-04-03,83,2024-04-03 23:00:00,2024-04-04 17:00:00,14.63267002862979,45.15558243203614,0.44,36.77,36.330000000000005,-173.7153203114627,-17371.53203114627,-14.19267002862979,-8.385582432036138
2024-04-05,84,2024-04-05 12:00:00,2024-04-05 18:00:00,4.364521405385305,46.32148958680896,-0.02,14.4,14.42,-195.57012031146274,-19557.012031146274,-4.384521405385304,-31.92148958680896
2024-04-06,85,2024-04-06 13:00:00,2024-04-07 17:00:00,-8.101580230132761,41.42152839694201,-18.58,16.14,34.72,-173.04292031146272,-17304.292031146273,-10.478419769867237,-25.281528396942008
2024-04-07,86,2024-04-08 01:00:00,2024-04-08 18:00:00,12.26090226618026,43.97850031237525,0.09,18.26,18.17,-191.83332031146273,-19183.332031146274,-12.17090226618026,-25.71850031237525
2024-04-08,87,2024-04-10 03:00:00,2024-04-10 00:00:00,4.212365581144617,22.83782023426124,18.71,6.7,-12.010000000000002,-224.24772031146273,-22424.772031146273,14.497634418855384,-16.13782023426124
2024-04-10,88,2024-04-10 10:00:00,2024-04-10 19:00:00,2.124031479408319,21.12491184481395,35.86,34.45,-1.4099999999999966,-215.70572031146273,-21570.572031146272,33.73596852059168,13.325088155186052
2024-04-11,89,2024-04-11 13:00:00,2024-04-11 07:00:00,7.903641184053233,84.13331956035721,0.02,19.66,19.64,-190.3549203114627,-19035.49203114627,-7.883641184053233,-64.47331956035721
2024-04-12,90,2024-04-12 11:00:00,2024-04-12 06:00:00,0.0917176145207906,45.59889223678205,-0.06,74.04,74.10000000000001,-135.8853203114627,-13588.53203114627,-0.15171761452079058,28.441107763217957
2024-04-13,91,2024-04-13 13:00:00,2024-04-13 05:00:00,-3.14527101045766,50.46573656833596,-49.91,11.76,61.669999999999995,-142.33332031146273,-14233.332031146272,-46.764728989542334,-38.705736568335965
2024-04-14,92,2024-04-14 13:00:00,2024-04-14 18:00:00,-8.796640831380419,27.678736135940216,-39.89,18.41,58.3,-146.90572031146274,-14690.572031146274,-31.093359168619582,-9.268736135940216
2024-04-15,93,2024-04-15 10:00:00,2024-04-15 06:00:00,12.862978096926462,43.399805971274965,-0.01,18.7,18.71,-191.2813203114627,-19128.13203114627,-12.872978096926461,-24.699805971274966
2024-04-16,94,2024-04-16 14:00:00,2024-04-17 06:00:00,-2.218946078464777,22.32480791578609,-0.05,101.53,101.58,-108.40652031146273,-10840.652031146274,2.1689460784647774,79.2051920842139
2024-04-17,95,2024-04-18 02:00:00,2024-04-18 05:00:00,-2.012057715801039,93.63849324291137,38.86,114.87,76.01,-138.6457203114627,-13864.57203114627,40.87205771580104,21.23150675708864
2024-04-18,96,2024-04-18 13:00:00,2024-04-19 06:00:00,5.442733870845175,113.46715547131232,12.23,38.43,26.2,-185.26012031146274,-18526.012031146274,6.787266129154825,-75.03715547131233
2024-04-19,97,2024-04-20 11:00:00,2024-04-19 19:00:00,11.740991854365989,98.32592221316789,0.0,37.52,37.52,-172.47252031146272,-17247.252031146272,-11.740991854365989,-60.80592221316788
2024-04-20,98,2024-04-20 13:00:00,2024-04-20 21:00:00,-2.107534780167472,36.87317462236785,-0.04,39.32,39.36,-170.62772031146272,-17062.772031146273,2.067534780167472,2.446825377632152
2024-04-21,99,2024-04-21 13:00:00,2024-04-21 21:00:00,-6.482280125304603,50.989171656041975,-1.5,27.65,29.15,-180.6625203114627,-18066.252031146272,4.982280125304603,-23.339171656041977
2024-04-22,100,2024-04-22 14:00:00,2024-04-23 05:00:00,17.62847055204945,98.71422144058582,13.73,131.47,117.74,-93.90012031146274,-9390.012031146274,-3.8984705520494494,32.75577855941418
2024-04-23,101,2024-04-23 13:00:00,2024-04-24 06:00:00,52.04691543408941,133.34229636223884,66.4,107.62,41.22,-176.74052031146272,-17674.05203114627,14.3530845659106,-25.722296362238836
2024-04-24,102,2024-04-25 12:00:00,2024-04-25 06:00:00,41.83525351463185,109.9559770425366,57.04,105.05,48.01,-168.82732031146273,-16882.73203114627,15.204746485368148,-4.905977042536605
2024-04-25,103,2024-04-25 14:00:00,2024-04-26 05:00:00,44.56561166057772,102.78397218165958,61.19,104.06,42.870000000000005,-174.46532031146273,-17446.532031146275,16.624388339422275,1.276027818340424
2024-04-26,104,2024-04-27 11:00:00,2024-04-26 19:00:00,53.15756028698242,106.7191519151178,0.0,96.06,96.06,-113.93252031146272,-11393.252031146272,-53.15756028698242,-10.659151915117803
2024-04-27,105,2024-04-28 12:00:00,2024-04-27 21:00:00,8.030203535798758,84.81201586511276,-65.06,58.52,123.58000000000001,-78.60532031146272,-7860.532031146272,-73.09020353579876,-26.292015865112752
2024-04-28,106,2024-04-28 15:00:00,2024-04-29 07:00:00,-4.820620555120478,80.23318135335113,-0.02,74.49,74.50999999999999,-135.48012031146274,-13548.012031146274,4.800620555120479,-5.743181353351133
2024-04-29,107,2024-04-30 13:00:00,2024-04-29 19:00:00,46.514938079515815,101.17684056009854,19.14,97.92,78.78,-133.50932031146272,-13350.932031146272,-27.374938079515815,-3.2568405600985386
2024-04-30,108,2024-05-01 13:00:00,2024-04-30 19:00:00,33.37055361697198,89.55152348288213,-9.62,83.91,93.53,-115.30812031146272,-11530.812031146272,-42.99055361697198,-5.6415234828821355
2024-05-01,109,2024-05-02 11:00:00,2024-05-01 20:00:00,3.3692971387277435,72.91481532017806,4.46,33.4,28.939999999999998,-181.58772031146273,-18158.772031146273,1.0907028612722565,-39.514815320178066
2024-05-02,110,2024-05-03 12:00:00,2024-05-02 19:00:00,1.9457973339533785,56.13121839979074,13.39,59.14,45.75,-165.84932031146272,-16584.932031146272,11.444202666046621,3.008781600209261
2024-05-03,111,2024-05-04 12:00:00,2024-05-03 19:00:00,-13.2902594480523,62.36315245083121,13.17,66.52,53.349999999999994,-158.22292031146273,-15822.292031146273,26.460259448052298,4.156847549168788
2024-05-04,112,2024-05-05 12:00:00,2024-05-04 19:00:00,2.364198017986188,60.79097656499436,-0.97,35.01,35.98,-173.89612031146274,-17389.612031146273,-3.3341980179861883,-25.78097656499436
2024-05-05,113,2024-05-05 16:00:00,2024-05-06 06:00:00,16.729379204458795,63.81493771546146,45.82,101.13,55.309999999999995,-160.18092031146273,-16018.092031146272,29.090620795541206,37.315062284538534
2024-05-06,114,2024-05-07 15:00:00,2024-05-07 06:00:00,50.82774106255791,94.2403333713642,40.07,112.66,72.59,-142.21092031146273,-14221.092031146272,-10.757741062557912,18.419666628635795
2024-05-07,115,2024-05-08 12:00:00,2024-05-08 06:00:00,47.272471287732046,98.78369699290036,6.14,30.0,23.86,-186.86932031146273,-18686.932031146272,-41.132471287732045,-68.78369699290036
2024-05-08,116,2024-05-09 12:00:00,2024-05-08 19:00:00,13.88537658693018,55.36164082231586,-1.15,43.8,44.949999999999996,-164.90452031146273,-16490.452031146273,-15.03537658693018,-11.561640822315866
2024-05-09,117,2024-05-10 13:00:00,2024-05-09 20:00:00,2.948543602710724,55.61731315613757,0.88,32.25,31.37,-178.72812031146273,-17872.812031146274,-2.068543602710724,-23.36731315613757
2024-05-10,118,2024-05-11 12:00:00,2024-05-10 19:00:00,-5.210188629128947,33.90838669731663,-18.79,18.22,37.01,-170.72772031146275,-17072.772031146276,-13.579811370871052,-15.68838669731663
2024-05-11,119,2024-05-12 11:00:00,2024-05-12 16:00:00,-5.755446954700159,31.30739259482793,-66.52,21.23,87.75,-114.26012031146271,-11426.01203114627,-60.764553045299834,-10.07739259482793
2024-05-12,120,2024-05-12 17:00:00,2024-05-13 16:00:00,24.36205514197634,62.13831641621412,35.0,17.93,-17.07,-231.2625203114627,-23126.252031146272,10.637944858023658,-44.20831641621412
2024-05-13,121,2024-05-14 11:00:00,2024-05-14 06:00:00,21.529184208101395,74.26511848409899,-29.66,26.63,56.29,-150.14332031146273,-15014.332031146274,-51.189184208101395,-47.635118484098996
2024-05-14,122,2024-05-15 13:00:00,2024-05-14 21:00:00,3.179945391314849,40.50038629643685,6.66,28.07,21.41,-189.38172031146274,-18938.172031146274,3.480054608685151,-12.43038629643685
2024-05-15,123,2024-05-16 13:00:00,2024-05-15 18:00:00,-3.8842768547510182,41.558948192367865,6.93,32.79,25.86,-184.96412031146275,-18496.412031146276,10.814276854751018,-8.768948192367866
2024-05-16,124,2024-05-17 11:00:00,2024-05-16 20:00:00,2.1615591809052788,49.31109007832981,20.39,82.57,62.17999999999999,-150.25932031146272,-15025.932031146272,18.228440819094722,33.25890992167018
2024-05-17,125,2024-05-18 13:00:00,2024-05-17 19:00:00,-3.2485701664596607,67.67942566713052,-1.78,84.24,86.02,-123.75892031146272,-12375.892031146272,1.4685701664596607,16.56057433286948
2024-05-18,126,2024-05-19 12:00:00,2024-05-18 19:00:00,-6.875566925401949,70.85170254435803,-28.27,35.32,63.59,-143.0101203114627,-14301.01203114627,-21.39443307459805,-35.53170254435803
2024-05-19,127,2024-05-20 11:00:00,2024-05-20 05:00:00,9.85159284869226,77.67239220551443,1.09,18.54,17.45,-192.67332031146273,-19267.332031146274,-8.76159284869226,-59.13239220551443
2024-05-20,128,2024-05-21 13:00:00,2024-05-20 20:00:00,1.295166547211428,59.63594677951498,8.21,36.85,28.64,-182.3377203114627,-18233.77203114627,6.914833452788573,-22.78594677951498
2024-05-21,129,2024-05-22 13:00:00,2024-05-22 06:00:00,14.47973387596675,58.20768629696391,3.25,58.58,55.33,-155.05252031146273,-15505.252031146272,-11.22973387596675,0.3723137030360917
2024-05-22,130,2024-05-23 10:00:00,2024-05-22 19:00:00,7.432302417876947,65.59027137559134,35.01,35.55,0.5399999999999991,-213.65372031146273,-21365.372031146275,27.57769758212305,-30.040271375591345
2024-05-23,131,2024-05-24 12:00:00,2024-05-24 06:00:00,19.647371229310515,70.89701849508612,36.76,86.84,50.080000000000005,-164.32372031146272,-16432.37203114627,17.112628770689483,15.942981504913888
2024-05-24,132,2024-05-25 13:00:00,2024-05-24 19:00:00,2.8083616622344616,88.66523095208981,0.02,115.92,115.9,-94.09492031146272,-9409.492031146272,-2.7883616622344616,27.254769047910187
2024-05-25,133,2024-05-26 13:00:00,2024-05-26 19:00:00,-5.236239871966012,83.62197286976479,-9.87,46.0,55.87,-152.9381203114627,-15293.812031146272,-4.6337601280339875,-37.62197286976479
2024-05-26,134,2024-05-27 12:00:00,2024-05-26 20:00:00,14.285268559752607,74.27000542003337,22.23,55.52,33.290000000000006,-179.3701203114627,-17937.01203114627,7.944731440247393,-18.750005420033368
2024-05-27,135,2024-05-28 14:00:00,2024-05-27 20:00:00,13.01393348272609,61.83159589180344,0.01,52.82,52.81,-157.18372031146274,-15718.372031146273,-13.00393348272609,-9.011595891803438
2024-05-28,136,2024-05-29 13:00:00,2024-05-28 23:00:00,19.334066539094067,45.50390307360364,11.98,30.98,19.0,-192.43012031146273,-19243.012031146274,-7.354066539094067,-14.523903073603638
2024-05-29,137,2024-05-30 02:00:00,2024-05-30 22:00:00,18.50757250355339,58.25217942721947,9.72,10.0,0.27999999999999936,-210.87892031146274,-21087.892031146275,-8.78757250355339,-48.25217942721947
2024-05-31,138,2024-05-31 12:00:00,2024-05-31 06:00:00,12.217657379672763,39.0006965733849,-0.01,2.47,2.48,-207.51132031146273,-20751.132031146273,-12.227657379672763,-36.5306965733849
2024-06-01,139,2024-06-01 13:00:00,2024-06-01 19:00:00,-5.865079646279794,23.46910183871129,-0.62,7.2,7.82,-202.09812031146274,-20209.812031146274,5.245079646279794,-16.26910183871129
2024-06-02,140,2024-06-02 12:00:00,2024-06-03 07:00:00,-10.207976373835288,22.88500592381676,-29.26,35.0,64.26,-142.2213203114627,-14222.13203114627,-19.05202362616471,12.11499407618324
2024-06-03,141,2024-06-03 14:00:00,2024-06-04 06:00:00,1.039891054510979,37.53701749896157,3.25,113.22,109.97,-100.41252031146271,-10041.252031146272,2.2101089454890213,75.68298250103842
2024-06-04,142,2024-06-04 14:00:00,2024-06-05 06:00:00,14.203500797903535,85.86645069689162,0.0,43.72,43.72,-166.27252031146273,-16627.252031146272,-14.203500797903535,-42.14645069689162
2024-06-05,143,2024-06-05 12:00:00,2024-06-05 22:00:00,11.37767924500549,60.93814919309969,-0.01,59.59,59.6,-150.39132031146272,-15039.132031146271,-11.38767924500549,-1.3481491930996867
2024-06-06,144,2024-06-06 13:00:00,2024-06-06 20:00:00,8.03236546725192,74.93754774526742,4.97,88.98,84.01,-126.57892031146271,-12657.892031146272,-3.0623654672519196,14.04245225473258
2024-06-07,145,2024-06-07 13:00:00,2024-06-07 20:00:00,6.158814020239,85.51772792003325,19.58,78.62,59.040000000000006,-153.30212031146272,-15330.212031146271,13.421185979760999,-6.8977279200332475
2024-06-08,146,2024-06-08 12:00:00,2024-06-08 20:00:00,-10.79814039405291,66.36984432228647,-28.4,59.09,87.49000000000001,-119.09452031146273,-11909.452031146273,-17.60185960594709,-7.279844322286465
2024-06-09,147,2024-06-09 12:00:00,2024-06-09 19:00:00,-15.395138859283664,58.340903609370855,-25.4,58.76,84.16,-122.78452031146273,-12278.452031146273,-10.004861140716335,0.41909639062914295
2024-06-10,148,2024-06-10 12:00:00,2024-06-11 05:00:00,8.499511776617968,66.55369049385423,0.03,68.77,68.74,-141.25612031146272,-14125.612031146273,-8.469511776617969,2.2163095061457625
2024-06-11,149,2024-06-11 12:00:00,2024-06-12 06:00:00,2.426387696099607,65.43146914012762,6.62,44.45,37.830000000000005,-172.9569203114627,-17295.69203114627,4.193612303900393,-20.981469140127615
2024-06-12,150,2024-06-12 12:00:00,2024-06-12 19:00:00,9.976326529306968,76.76210197841482,24.35,45.59,21.240000000000002,-191.67452031146271,-19167.452031146273,14.373673470693033,-31.172101978414815
2024-06-13,151,2024-06-14 11:00:00,2024-06-13 20:00:00,9.238832248518037,59.38712886419869,0.44,67.17,66.73,-143.3153203114627,-14331.53203114627,-8.798832248518037,7.782871135801315
2024-06-14,152,2024-06-15 12:00:00,2024-06-14 22:00:00,-10.270890063308704,52.87648352461815,-80.02,16.2,96.22,-104.17012031146274,-10417.012031146274,-69.7491099366913,-36.67648352461815
2024-06-15,153,2024-06-16 12:00:00,2024-06-15 19:00:00,-20.693357781241627,41.48433763560121,-35.68,28.0,63.68,-142.03092031146272,-14203.092031146272,-14.986642218758373,-13.484337635601207
2024-06-16,154,2024-06-16 14:00:00,2024-06-16 20:00:00,-13.812450302828283,40.37298284498225,-9.52,41.26,50.78,-158.07012031146272,-15807.012031146272,4.292450302828284,0.8870171550177446
2024-06-17,155,2024-06-18 09:00:00,2024-06-17 21:00:00,5.794347979881614,47.83296760440347,33.25,62.78,29.53,-184.45252031146273,-18445.252031146272,27.455652020118386,14.94703239559653
2024-06-18,156,2024-06-19 11:00:00,2024-06-18 20:00:00,10.653391902122465,81.13338568039721,37.0,54.98,17.979999999999997,-196.45252031146273,-19645.252031146272,26.346608097877535,-26.153385680397214
2024-06-19,157,2024-06-20 12:00:00,2024-06-19 22:00:00,19.62796988310343,84.2589826196606,61.42,85.89,24.47,-192.89292031146272,-19289.292031146273,41.79203011689657,1.6310173803394008
2024-06-20,158,2024-06-21 02:00:00,2024-06-20 20:00:00,40.62459378573847,101.32814880716808,76.22,114.59,38.370000000000005,-180.76892031146272,-18076.89203114627,35.59540621426153,13.261851192831926
2024-06-21,159,2024-06-22 13:00:00,2024-06-21 20:00:00,20.719659485955532,110.81882512625022,0.8,96.49,95.69,-114.39852031146273,-11439.852031146273,-19.91965948595553,-14.328825126250223
2024-06-22,160,2024-06-23 13:00:00,2024-06-22 19:00:00,-15.909275116948717,79.24069190112203,-2.0,76.79,78.79,-130.9625203114627,-13096.25203114627,13.909275116948717,-2.4506919011220276
2024-06-23,161,2024-06-23 17:00:00,2024-06-23 19:00:00,31.33549741431578,83.10139111553218,54.98,77.0,22.020000000000003,-194.57012031146272,-19457.01203114627,23.64450258568422,-6.101391115532181
2024-06-24,162,2024-06-25 11:00:00,2024-06-24 19:00:00,33.02517117223102,94.38016781271408,-0.05,117.33,117.38,-92.60652031146273,-9260.652031146274,-33.075171172231016,22.94983218728592
2024-06-25,163,2024-06-26 12:00:00,2024-06-25 20:00:00,14.950478180038177,107.45663967112772,80.62,106.57,25.94999999999999,-193.71692031146273,-19371.692031146275,65.66952181996183,-0.8866396711277247
2024-06-26,164,2024-06-27 10:00:00,2024-06-26 18:00:00,65.4196115775032,112.46522880614454,43.22,156.98,113.75999999999999,-101.41892031146273,-10141.892031146273,-22.199611577503205,44.51477119385545
2024-06-27,165,2024-06-28 12:00:00,2024-06-27 18:00:00,33.888243090254555,130.5551502329611,-2.06,93.5,95.56,-114.18532031146273,-11418.532031146273,-35.94824309025456,-37.0551502329611
2024-06-28,166,2024-06-29 12:00:00,2024-06-28 18:00:00,-10.101834068993554,69.93152878979178,-0.06,94.04,94.10000000000001,-115.8853203114627,-11588.532031146271,10.041834068993554,24.108471210208222
2024-06-29,167,2024-06-30 13:00:00,2024-06-29 20:00:00,-8.191981362812768,92.32666881315096,0.0,60.23,60.23,-149.76252031146274,-14976.252031146274,8.191981362812768,-32.09666881315096
2024-06-30,168,2024-07-01 12:00:00,2024-06-30 21:00:00,10.703784947937008,73.5415178438452,21.17,93.4,72.23,-140.30292031146274,-14030.292031146275,10.466215052062994,19.858482156154807
2024-07-01,169,2024-07-02 13:00:00,2024-07-01 20:00:00,30.42555060599621,98.23875794154408,4.0,99.26,95.26,-115.21252031146271,-11521.25203114627,-26.42555060599621,1.0212420584559254
2024-07-02,170,2024-07-03 13:00:00,2024-07-02 20:00:00,16.728932989373583,88.06113991524812,8.68,109.45,100.77000000000001,-110.2641203114627,-11026.41203114627,-8.048932989373583,21.388860084751883
2024-07-03,171,2024-07-04 14:00:00,2024-07-03 20:00:00,10.665113016031338,99.92815941460442,-12.21,18.85,31.060000000000002,-177.46732031146271,-17746.73203114627,-22.87511301603134,-81.07815941460441
2024-07-04,172,2024-07-05 12:00:00,2024-07-04 20:00:00,-0.7421343114576445,50.59773674071999,0.1,52.71,52.61,-157.3945203114627,-15739.452031146271,0.8421343114576445,2.112263259280013
2024-07-05,173,2024-07-06 12:00:00,2024-07-05 20:00:00,-12.699265976659392,62.88248300165732,-48.08,106.33,154.41,-49.81292031146273,-4981.292031146273,-35.38073402334061,43.44751699834268
2024-07-06,174,2024-07-07 12:00:00,2024-07-06 20:00:00,-24.63373401238804,63.706311031721626,-19.67,20.39,40.06,-167.57212031146273,-16757.21203114627,4.963734012388038,-43.316311031721625
2024-07-07,175,2024-07-08 13:00:00,2024-07-08 17:00:00,9.429260464758755,53.078086469336064,38.0,93.58,55.58,-158.97252031146274,-15897.252031146274,28.570739535241245,40.501913530663934
2024-07-08,176,2024-07-09 13:00:00,2024-07-08 20:00:00,32.05775182605843,100.60859309953982,15.59,109.0,93.41,-118.45332031146273,-11845.332031146274,-16.46775182605843,8.391406900460183
2024-07-09,177,2024-07-10 10:00:00,2024-07-09 20:00:00,32.74515325769684,99.37455568759202,48.7,88.92,40.22,-175.61652031146272,-17561.652031146274,15.954846742303161,-10.45455568759202
2024-07-10,178,2024-07-11 13:00:00,2024-07-10 19:00:00,23.46660944319289,99.70923556535617,50.98,94.72,43.74,-172.37012031146273,-17237.012031146274,27.513390556807106,-4.989235565356168
2024-07-11,179,2024-07-12 12:00:00,2024-07-11 18:00:00,33.91561761326815,105.39591645489972,41.59,108.68,67.09,-147.89332031146273,-14789.332031146274,7.674382386731857,3.2840835451002874
2024-07-12,180,2024-07-13 12:00:00,2024-07-12 20:00:00,3.495498412503895,91.91936590882858,-14.8,87.0,101.8,-106.41652031146272,-10641.652031146272,-18.295498412503896,-4.919365908828581
2024-07-13,181,2024-07-14 12:00:00,2024-07-13 19:00:00,-12.678387531764812,69.22081485850869,-74.02,76.02,150.04,-51.070120311462745,-5107.012031146274,-61.34161246823518,6.799185141491307
2024-07-14,182,2024-07-15 12:00:00,2024-07-14 20:00:00,11.20599968789694,80.04732987028876,3.9,106.12,102.22,-108.24052031146272,-10824.052031146271,-7.305999687896939,26.07267012971124
2024-07-15,183,2024-07-16 14:00:00,2024-07-15 20:00:00,17.890148521564914,104.64385633214329,1.43,93.93,92.5,-117.66412031146274,-11766.412031146274,-16.460148521564914,-10.71385633214328
2024-07-16,184,2024-07-17 14:00:00,2024-07-17 19:00:00,24.329883481005425,104.12404240784792,44.73,125.26,80.53,-134.83012031146274,-13483.012031146274,20.400116518994572,21.13595759215208
2024-07-17,185,2024-07-18 13:00:00,2024-07-18 19:00:00,22.80576931172496,115.70220572149384,52.36,138.23,85.86999999999999,-130.40572031146274,-13040.572031146274,29.55423068827504,22.52779427850615
2024-07-18,186,2024-07-19 10:00:00,2024-07-19 19:00:00,32.96193992636645,127.54121548452017,47.39,121.22,73.83,-141.84932031146275,-14184.932031146274,14.428060073633553,-6.321215484520167
2024-07-19,187,2024-07-20 13:00:00,2024-07-19 20:00:00,11.478005864682286,111.46311347890384,1.5,107.39,105.89,-104.28252031146273,-10428.252031146274,-9.978005864682286,-4.073113478903835
2024-07-20,188,2024-07-21 11:00:00,2024-07-20 20:00:00,-7.6244777770077405,81.42449844066687,-0.1,88.31,88.41,-121.57052031146273,-12157.052031146273,7.524477777007741,6.885501559333136
2024-07-21,189,2024-07-22 12:00:00,2024-07-22 20:00:00,38.0284134387419,82.70299804033012,23.18,100.59,77.41,-135.36412031146273,-13536.412031146272,-14.8484134387419,17.887001959669888
2024-07-22,190,2024-07-23 12:00:00,2024-07-23 20:00:00,27.25173363662088,98.59738985869431,9.37,102.05,92.67999999999999,-118.43692031146274,-11843.692031146275,-17.88173363662088,3.4526101413056836
2024-07-23,191,2024-07-24 13:00:00,2024-07-24 18:00:00,35.94175739798164,111.56523745711507,5.5,108.98,103.48,-107.17252031146272,-10717.252031146272,-30.44175739798164,-2.5852374571150705
2024-07-24,192,2024-07-25 12:00:00,2024-07-25 19:00:00,18.46907328837392,108.69834911932104,13.27,99.5,86.23,-125.35492031146272,-12535.492031146272,-5.199073288373921,-9.198349119321037
2024-07-25,193,2024-07-26 12:00:00,2024-07-26 18:00:00,17.442786104821405,87.79234470176365,46.67,68.28,21.61,-193.98292031146275,-19398.292031146273,29.227213895178597,-19.512344701763652
2024-07-26,194,2024-07-27 12:00:00,2024-07-26 21:00:00,2.3013711736331546,77.59667279732494,17.92,91.02,73.1,-139.04292031146272,-13904.292031146273,15.618628826366848,13.423327202675054
2024-07-27,195,2024-07-28 12:00:00,2024-07-27 21:00:00,-8.331601420854136,69.27170777033132,-36.15,56.71,92.86,-112.79452031146273,-11279.452031146273,-27.818398579145864,-12.561707770331317
2024-07-28,196,2024-07-29 14:00:00,2024-07-29 19:00:00,21.969652167333816,68.4152347075032,15.36,82.82,67.46,-144.37572031146271,-14437.572031146272,-6.609652167333817,14.40476529249679
2024-07-30,197,2024-07-30 14:00:00,2024-07-30 19:00:00,17.166976772778497,95.2208721147466,41.6,109.53,67.93,-147.0545203114627,-14705.452031146271,24.433023227221504,14.309127885253403
2024-07-31,198,2024-07-31 12:00:00,2024-07-31 20:00:00,26.580762071604823,97.94383718199651,22.63,103.46,80.83,-131.87812031146274,-13187.812031146274,-3.9507620716048244,5.51616281800348
2024-08-01,199,2024-08-01 12:00:00,2024-08-01 17:00:00,19.28353460623555,104.90476727055048,59.96,106.07,46.10999999999999,-171.07772031146274,-17107.772031146273,40.67646539376445,1.1652327294495137
2024-08-02,200,2024-08-02 14:00:00,2024-08-02 17:00:00,51.62558116978245,94.18013616330606,49.95,88.0,38.05,-177.93652031146274,-17793.652031146274,-1.675581169782447,-6.180136163306059
2024-08-03,201,2024-08-03 12:00:00,2024-08-03 20:00:00,14.783995314137664,82.64550702690418,4.17,63.71,59.54,-150.95292031146275,-15095.292031146275,-10.613995314137664,-18.935507026904183
2024-08-04,202,2024-08-04 12:00:00,2024-08-04 19:00:00,-8.371121740489121,65.39775211738392,-2.16,87.44,89.6,-120.13332031146274,-12013.332031146274,6.211121740489121,22.04224788261608
2024-08-05,203,2024-08-05 12:00:00,2024-08-05 18:00:00,31.15466846493856,96.24505231603425,9.74,109.62,99.88000000000001,-111.28132031146272,-11128.132031146271,-21.414668464938558,13.374947683965758
2024-08-06,204,2024-08-06 12:00:00,2024-08-06 18:00:00,28.27421036650613,110.07958730629012,4.99,77.01,72.02000000000001,-138.57132031146273,-13857.132031146273,-23.28421036650613,-33.06958730629012
2024-08-07,205,2024-08-07 11:00:00,2024-08-07 19:00:00,19.403580048544384,89.37574481265573,19.68,59.43,39.75,-172.60412031146274,-17260.412031146272,0.2764199514556154,-29.945744812655725
2024-08-08,206,2024-08-08 10:00:00,2024-08-08 20:00:00,9.994813465901528,80.41753830926274,29.69,52.19,22.499999999999996,-191.05532031146274,-19105.532031146275,19.695186534098475,-28.22753830926274
2024-08-09,207,2024-08-09 11:00:00,2024-08-09 17:00:00,3.444841420956968,72.40420983411254,0.0,72.47,72.47,-137.52252031146273,-13752.252031146272,-3.444841420956968,0.06579016588746356
2024-08-10,208,2024-08-10 12:00:00,2024-08-10 19:00:00,-16.339644466333205,69.79959817770141,-21.92,64.03,85.95,-121.41212031146271,-12141.212031146271,-5.580355533666797,-5.769598177701411
2024-08-11,209,2024-08-11 12:00:00,2024-08-11 20:00:00,-17.48888516093595,87.92668374253033,-50.03,54.24,104.27000000000001,-99.71892031146271,-9971.892031146272,-32.54111483906405,-33.68668374253033
2024-08-12,210,2024-08-12 12:00:00,2024-08-12 19:00:00,-1.698327665800117,75.04684416342008,18.03,130.6,112.57,-99.58612031146274,-9958.612031146273,19.72832766580012,55.55315583657992
2024-08-13,211,2024-08-13 11:00:00,2024-08-13 18:00:00,14.360291441755432,116.48711633170628,43.87,108.29,64.42000000000002,-150.8369203114627,-15083.69203114627,29.509708558244565,-8.197116331706269
2024-08-14,212,2024-08-14 11:00:00,2024-08-14 18:00:00,53.05220686199081,108.23657745755936,76.44,109.02,32.58,-186.58532031146274,-18658.532031146275,23.387793138009187,0.7834225424406327
2024-08-15,213,2024-08-15 01:00:00,2024-08-15 18:00:00,59.40547655194885,109.64330935621264,55.89,84.29,28.400000000000006,-188.2993203114627,-18829.932031146272,-3.5154765519488507,-25.353309356212634
2024-08-16,214,2024-08-16 12:00:00,2024-08-16 20:00:00,17.08235527954385,95.97206120831122,50.72,119.99,69.27,-146.8089203114627,-14680.892031146272,33.63764472045615,24.017938791688778
2024-08-17,215,2024-08-17 12:00:00,2024-08-17 19:00:00,24.72832712172851,90.40326012507649,34.72,114.07,79.35,-134.80892031146274,-13480.892031146273,9.99167287827149,23.666739874923508
2024-08-18,216,2024-08-18 11:00:00,2024-08-18 19:00:00,9.67510671585456,108.29144764754612,4.57,110.34,105.77000000000001,-104.7709203114627,-10477.09203114627,-5.105106715854559,2.048552352453882
2024-08-19,217,2024-08-19 10:00:00,2024-08-19 19:00:00,47.490982568872845,108.48247425460184,70.0,116.74,46.739999999999995,-171.65252031146275,-17165.252031146276,22.509017431127155,8.257525745398155
2024-08-20,218,2024-08-20 12:00:00,2024-08-20 18:00:00,62.3817417790742,121.88704796218975,18.58,70.41,51.83,-160.39212031146275,-16039.212031146275,-43.8017417790742,-51.47704796218976
2024-08-21,219,2024-08-22 00:00:00,2024-08-21 06:00:00,49.9165912315228,88.82429944816758,0.09,89.16,89.07,-120.93332031146272,-12093.332031146272,-49.8265912315228,0.3357005518324172
2024-08-22,220,2024-08-22 12:00:00,2024-08-22 17:00:00,27.832063982840182,93.85168720568922,-1.37,117.49,118.86,-90.96812031146273,-9096.812031146274,-29.202063982840183,23.638312794310778
2024-08-23,221,2024-08-23 11:00:00,2024-08-23 18:00:00,5.388037442218385,105.17260187995656,-5.75,112.83,118.58,-90.72252031146273,-9072.252031146272,-11.138037442218385,7.657398120043439
2024-08-24,222,2024-08-24 08:00:00,2024-08-24 19:00:00,-7.984289898856752,108.1539667088803,0.0,72.6,72.6,-137.39252031146273,-13739.252031146274,7.984289898856752,-35.55396670888031
2024-08-25,223,2024-08-25 12:00:00,2024-08-25 19:00:00,-13.46838458031814,93.66472449078913,-16.7,109.91,126.61,-81.37852031146274,-8137.8520311462735,-3.2316154196818587,16.24527550921087
2024-08-26,224,2024-08-26 12:00:00,2024-08-26 19:00:00,34.242879960444085,126.22722530893,43.72,114.97,71.25,-143.98892031146272,-14398.892031146272,9.477120039555913,-11.257225308930003
2024-08-27,225,2024-08-27 11:00:00,2024-08-27 18:00:00,33.88145237461915,126.00648446258626,4.79,125.14,120.35,-90.21732031146274,-9021.732031146274,-29.091452374619152,-0.8664844625862571
2024-08-28,226,2024-08-28 11:00:00,2024-08-28 18:00:00,33.736015977435414,125.43304527804524,17.91,125.78,107.87,-104.27172031146273,-10427.172031146272,-15.826015977435414,0.3469547219547593
2024-08-29,227,2024-08-29 12:00:00,2024-08-29 17:00:00,43.89712092057634,119.59940156005432,55.06,128.18,73.12,-143.47972031146273,-14347.972031146273,11.16287907942366,8.580598439945689
2024-08-30,228,2024-08-30 12:00:00,2024-08-30 18:00:00,41.73598708821609,109.74538821543568,79.9,105.31,25.409999999999997,-194.17052031146272,-19417.05203114627,38.164012911783914,-4.43538821543568
2024-08-31,229,2024-08-31 12:00:00,2024-08-31 17:00:00,41.01286780113008,103.83485009406758,14.02,120.38,106.36,-105.31492031146273,-10531.492031146272,-26.992867801130078,16.54514990593242
2024-09-01,230,2024-09-01 12:00:00,2024-09-01 18:00:00,8.377751184212368,111.57299109463682,9.6,127.02,117.42,-93.72452031146271,-9372.452031146271,1.2222488157876317,15.447008905363177
2024-09-02,231,2024-09-02 13:00:00,2024-09-02 17:00:00,52.306164344421056,129.81087767576892,91.9,130.0,38.099999999999994,-182.92052031146272,-18292.05203114627,39.59383565557895,0.18912232423107866
2024-09-03,232,2024-09-03 11:00:00,2024-09-03 18:00:00,60.35614054269605,123.87956525817496,83.08,131.0,47.92,-172.04212031146272,-17204.21203114627,22.723859457303945,7.120434741825036
2024-09-04,233,2024-09-04 11:00:00,2024-09-04 18:00:00,82.43712217408059,130.709738444126,90.81,122.81,32.0,-188.88972031146272,-18888.972031146273,8.372877825919417,-7.899738444126001
2024-09-05,234,2024-09-05 02:00:00,2024-09-05 17:00:00,80.18695667765483,130.44654649108816,78.4,110.79,32.39,-187.0105203114627,-18701.05203114627,-1.7869566776548282,-19.65654649108815
2024-09-06,235,2024-09-06 14:00:00,2024-09-06 17:00:00,59.51284839260167,104.5028681936067,76.29,104.41,28.11999999999999,-191.02732031146274,-19102.732031146275,16.777151607398338,-0.09286819360670506
2024-09-07,236,2024-09-07 12:00:00,2024-09-07 18:00:00,14.536785096913675,102.0097924184591,0.44,103.95,103.51,-106.53532031146271,-10653.532031146271,-14.096785096913676,1.9402075815409034
2024-09-08,237,2024-09-08 11:00:00,2024-09-08 18:00:00,7.082578400406693,115.81131775757989,0.0,101.13,101.13,-108.86252031146273,-10886.252031146272,-7.082578400406693,-14.68131775757989
2024-09-09,238,2024-09-10 01:00:00,2024-09-09 18:00:00,61.21240472288219,110.0225493057893,24.82,113.3,88.47999999999999,-124.49092031146273,-12449.092031146272,-36.39240472288219,3.2774506942106996
2024-09-10,239,2024-09-10 12:00:00,2024-09-10 18:00:00,48.97491615118357,120.8830441322116,6.31,85.23,78.92,-131.82972031146272,-13182.972031146272,-42.66491615118357,-35.65304413221159
2024-09-11,240,2024-09-11 12:00:00,2024-09-11 20:00:00,15.302190592816352,79.06235094904176,45.0,98.05,53.05,-162.34252031146275,-16234.252031146276,29.697809407183648,18.98764905095824
2024-09-12,241,2024-09-13 02:00:00,2024-09-12 18:00:00,33.48301038944687,102.00194549857956,1.42,101.46,100.03999999999999,-110.12292031146274,-11012.292031146273,-32.063010389446866,-0.5419454985795653
2024-09-13,242,2024-09-14 02:00:00,2024-09-13 06:00:00,16.665501086748435,97.49444313974554,49.08,118.58,69.5,-146.38212031146273,-14638.212031146273,32.41449891325156,21.085556860254457
2024-09-14,243,2024-09-14 13:00:00,2024-09-14 19:00:00,-2.3469232417343933,72.2631919690014,1.79,74.45,72.66,-137.54732031146273,-13754.732031146272,4.136923241734394,2.1868080309986055
2024-09-15,244,2024-09-15 12:00:00,2024-09-15 18:00:00,-14.388497984368628,85.419770587703,-0.36,65.08,65.44,-144.50932031146272,-14450.932031146272,14.028497984368629,-20.339770587703
2024-09-16,245,2024-09-16 12:00:00,2024-09-16 20:00:00,18.02503484527488,85.94523748946986,0.09,45.89,45.8,-164.20332031146273,-16420.332031146274,-17.93503484527488,-40.05523748946986
2024-09-17,246,2024-09-17 20:00:00,2024-09-17 06:00:00,34.11353508859822,90.55482574974076,57.3,53.34,-3.9599999999999937,-220.82852031146274,-22082.852031146274,23.186464911401778,-37.214825749740754
2024-09-18,247,2024-09-19 09:00:00,2024-09-19 06:00:00,24.82699561362666,85.07272787776026,25.25,95.57,70.32,-142.70252031146273,-14270.252031146274,0.42300438637333926,10.497272122239735
2024-09-19,248,2024-09-19 10:00:00,2024-09-19 17:00:00,22.86467384621538,101.22557930075878,4.97,112.34,107.37,-103.21892031146271,-10321.892031146272,-17.89467384621538,11.114420699241222
2024-09-20,249,2024-09-20 12:00:00,2024-09-20 17:00:00,1.0119943495336434,99.04741654064706,0.07,110.16,110.09,-99.91092031146272,-9991.092031146272,-0.9419943495336434,11.112583459352933
2024-09-21,250,2024-09-21 11:00:00,2024-09-21 17:00:00,-6.534324832988164,90.36120643287045,-3.36,79.94,83.3,-126.28932031146273,-12628.932031146272,3.1743248329881637,-10.421206432870449
2024-09-22,251,2024-09-22 12:00:00,2024-09-22 18:00:00,-14.003280990081093,74.79744505905575,0.01,110.22,110.21,-99.78372031146274,-9978.372031146275,14.013280990081093,35.42255494094425
2024-09-23,252,2024-09-23 10:00:00,2024-09-23 18:00:00,32.088142048845945,117.18986971385807,51.1,99.05,47.949999999999996,-168.17452031146274,-16817.452031146273,19.011857951154056,-18.139869713858076
2024-09-24,253,2024-09-24 13:00:00,2024-09-24 17:00:00,26.94027034728975,104.78255845178508,26.18,124.76,98.58000000000001,-114.55412031146273,-11455.412031146272,-0.760270347289751,19.977441548214927
2024-09-25,254,2024-09-26 02:00:00,2024-09-25 17:00:00,15.593772490120438,114.814623354539,3.32,60.8,57.48,-152.91092031146275,-15291.092031146274,-12.273772490120438,-54.014623354539
2024-09-26,255,2024-09-27 02:00:00,2024-09-26 17:00:00,11.806826095562172,78.1270681193215,-6.18,55.23,61.41,-147.84092031146272,-14784.092031146272,-17.986826095562172,-22.89706811932151
2024-09-27,256,2024-09-28 09:00:00,2024-09-27 18:00:00,-10.414449012713686,62.481200648429926,4.04,65.31,61.27,-149.20732031146272,-14920.732031146272,14.454449012713685,2.8287993515700762
2024-09-28,257,2024-09-29 10:00:00,2024-09-28 18:00:00,-12.81287319335888,56.4843118225658,-0.01,105.73,105.74000000000001,-104.2513203114627,-10425.132031146271,12.80287319335888,49.245688177434204
2024-09-29,258,2024-09-29 12:00:00,2024-09-29 18:00:00,-4.039980903028059,81.71695986768053,-0.45,35.17,35.620000000000005,-174.31852031146272,-17431.85203114627,3.589980903028059,-46.54695986768053
2024-09-30,259,2024-10-01 10:00:00,2024-10-01 06:00:00,20.259787505822345,42.35726836461736,58.48,114.72,56.24,-160.7701203114627,-16077.01203114627,38.22021249417765,72.36273163538263
2024-10-01,260,2024-10-02 11:00:00,2024-10-02 06:00:00,35.70864059365119,94.98078937791306,78.38,124.24,45.86,-173.5381203114627,-17353.81203114627,42.671359406348806,29.25921062208694
2024-10-02,261,2024-10-03 13:00:00,2024-10-02 17:00:00,59.30685976400683,126.21647589090163,15.1,136.26,121.16,-90.64452031146274,-9064.452031146275,-44.20685976400683,10.043524109098357
2024-10-03,262,2024-10-04 02:00:00,2024-10-03 18:00:00,26.84050464239117,117.32001559801394,72.33,122.31,49.980000000000004,-168.6921203114627,-16869.21203114627,45.48949535760883,4.989984401986064
2024-10-04,263,2024-10-05 14:00:00,2024-10-04 18:00:00,39.98374267611864,117.27293351260168,20.64,123.7,103.06,-109.40932031146272,-10940.932031146272,-19.343742676118637,6.427066487398321
2024-10-05,264,2024-10-06 14:00:00,2024-10-05 18:00:00,17.903053137967635,112.08180892953476,15.59,95.18,79.59,-132.27332031146273,-13227.332031146272,-2.3130531379676356,-16.901808929534752
2024-10-06,265,2024-10-07 12:00:00,2024-10-07 18:00:00,46.0999160339604,99.58745701879108,55.0,85.01,30.010000000000005,-186.5825203114627,-18658.25203114627,8.900083966039603,-14.57745701879108
2024-10-07,266,2024-10-08 01:00:00,2024-10-08 06:00:00,37.70108035263769,104.25289988225492,7.0,77.71,70.71,-140.12252031146272,-14012.252031146272,-30.70108035263769,-26.54289988225493
2024-10-08,267,2024-10-09 03:00:00,2024-10-09 18:00:00,14.282855402835818,73.5810997597262,0.01,60.8,60.79,-149.20372031146275,-14920.372031146275,-14.272855402835818,-12.781099759726203
2024-10-09,268,2024-10-11 01:00:00,2024-10-10 20:00:00,9.228845690537526,80.74018096022672,67.91,86.3,18.39,-199.75172031146275,-19975.172031146274,58.68115430946247,5.559819039773274
2024-10-11,269,2024-10-11 03:00:00,2024-10-11 17:00:00,26.16966540333391,100.12494795587564,71.79,154.3,82.51,-136.09732031146274,-13609.732031146274,45.6203345966661,54.17505204412437
2024-10-12,270,2024-10-12 12:00:00,2024-10-12 18:00:00,20.21111480685921,108.29089364530036,23.34,61.06,37.72,-175.07332031146274,-17507.332031146274,3.128885193140789,-47.230893645300355
2024-10-13,271,2024-10-13 11:00:00,2024-10-13 18:00:00,4.578301712504988,71.16052555933189,0.08,63.26,63.18,-146.82212031146273,-14682.212031146273,-4.498301712504988,-7.900525559331889
2024-10-14,272,2024-10-15 01:00:00,2024-10-14 18:00:00,33.23758623512165,92.13774898632914,61.33,158.0,96.67,-120.68212031146273,-12068.212031146273,28.09241376487835,65.86225101367086
2024-10-15,273,2024-10-16 02:00:00,2024-10-15 17:00:00,44.18050337036271,131.13897722786447,1.48,104.3,102.82,-107.35012031146275,-10735.012031146274,-42.70050337036271,-26.838977227864476
2024-10-16,274,2024-10-17 00:00:00,2024-10-16 17:00:00,23.05034411264174,88.33102824183757,10.48,83.91,73.42999999999999,-137.82012031146274,-13782.012031146274,-12.570344112641738,-4.4210282418375755
2024-10-17,275,2024-10-18 01:00:00,2024-10-17 17:00:00,14.839744387294676,81.30100078836128,30.3,99.6,69.3,-144.32852031146274,-14432.852031146274,15.460255612705325,18.298999211638716
2024-10-18,276,2024-10-19 02:00:00,2024-10-18 17:00:00,24.78292514750423,91.41784265753952,10.25,138.94,128.69,-82.53252031146272,-8253.252031146272,-14.53292514750423,47.522157342460474
2024-10-19,277,2024-10-19 12:00:00,2024-10-19 17:00:00,12.164509355610686,95.36982930303752,13.17,70.0,56.83,-154.74292031146274,-15474.292031146273,1.0054906443893135,-25.36982930303752
2024-10-20,278,2024-10-20 13:00:00,2024-10-20 18:00:00,11.352265407418514,74.38871991242206,0.0,36.87,36.87,-173.12252031146272,-17312.252031146272,-11.352265407418514,-37.518719912422064
2024-10-21,279,2024-10-21 13:00:00,2024-10-21 06:00:00,34.986616886117694,92.43565608429786,67.88,120.22,52.34,-165.79812031146272,-16579.812031146274,32.8933831138823,27.784343915702138
2024-10-22,280,2024-10-23 00:00:00,2024-10-22 17:00:00,52.37197023062396,131.1273869061403,71.0,158.91,87.91,-130.60252031146274,-13060.252031146274,18.62802976937604,27.78261309385971
2024-10-23,281,2024-10-23 13:00:00,2024-10-23 17:00:00,44.90639956167741,124.4976175681605,59.99,155.8,95.81,-121.38132031146273,-12138.132031146273,15.083600438322591,31.302382431839504
2024-10-24,282,2024-10-25 02:00:00,2024-10-24 17:00:00,42.71066421428832,131.9741419906264,18.7,110.16,91.46,-120.77652031146273,-12077.652031146274,-24.010664214288322,-21.81414199062641
2024-10-25,283,2024-10-26 03:00:00,2024-10-25 17:00:00,18.9830777259475,101.92140008746614,41.94,102.17,60.230000000000004,-154.79532031146272,-15479.532031146271,22.9569222740525,0.24859991253386227
2024-10-26,284,2024-10-27 02:00:00,2024-10-26 17:00:00,12.952207386883035,75.80512384443843,44.38,99.02,54.63999999999999,-160.67812031146275,-16067.812031146275,31.427792613116967,23.21487615556157
2024-10-27,285,2024-10-27 12:00:00,2024-10-27 17:00:00,10.8273699294381,80.34586540337285,40.0,96.27,56.269999999999996,-158.52252031146276,-15852.252031146276,29.1726300705619,15.924134596627141
2024-10-28,286,2024-10-29 02:00:00,2024-10-28 18:00:00,53.44569899875133,120.17788620496508,49.28,133.66,84.38,-131.52612031146273,-13152.612031146273,-4.165698998751331,13.48211379503492
2024-10-29,287,2024-10-30 02:00:00,2024-10-29 17:00:00,52.04329031276743,131.85820529307605,44.6,160.11,115.51000000000002,-99.83452031146271,-9983.452031146271,-7.443290312767431,28.25179470692396
2024-10-30,288,2024-10-31 03:00:00,2024-10-30 18:00:00,49.06835537314444,136.57020063167627,70.99,143.36,72.37000000000002,-146.14132031146272,-14614.132031146271,21.921644626855553,6.789799368323742
2024-10-31,289,2024-11-01 03:00:00,2024-10-31 17:00:00,59.370411448517125,138.1357629300833,66.94,134.14,67.19999999999999,-150.82532031146275,-15082.532031146275,7.569588551482873,-3.995762930083316
2024-11-01,290,2024-11-02 03:00:00,2024-11-01 17:00:00,57.83623948863632,126.69682734125024,86.85,125.88,39.03,-181.38452031146272,-18138.452031146273,29.01376051136367,-0.8168273412502458
2024-11-02,291,2024-11-02 12:00:00,2024-11-02 17:00:00,23.25207439737774,107.9458920084146,69.84,114.64,44.8,-173.57332031146274,-17357.332031146274,46.58792560262226,6.694107991585398
2024-11-03,292,2024-11-03 13:00:00,2024-11-03 19:00:00,58.65695586421096,112.31595821272984,26.0,111.04,85.04,-128.0725203114627,-12807.25203114627,-32.65695586421096,-1.275958212729833
2024-11-04,293,2024-11-04 13:00:00,2024-11-04 18:00:00,73.61940503898114,126.71186456133226,92.4,151.52,59.120000000000005,-161.96052031146272,-16196.052031146271,18.780594961018863,24.808135438667748
2024-11-05,294,2024-11-06 02:00:00,2024-11-05 17:00:00,78.10138756921167,142.94537564138784,87.87,193.0,105.13,-115.40692031146273,-11540.692031146273,9.768612430788338,50.05462435861216
2024-11-06,295,2024-11-07 03:00:00,2024-11-06 17:00:00,76.29699032190793,153.39487892895744,83.77,171.89,88.11999999999999,-131.92492031146276,-13192.492031146276,7.473009678092069,18.495121071042547
2024-11-07,296,2024-11-08 02:00:00,2024-11-07 17:00:00,82.89624627285849,150.6832959198779,88.16,151.49,63.33000000000001,-157.2417203114627,-15724.17203114627,5.263753727141506,0.8067040801221026
2024-11-08,297,2024-11-09 02:00:00,2024-11-08 18:00:00,85.84099962208396,141.7280042747689,96.68,127.86,31.179999999999993,-190.41412031146274,-19041.412031146276,10.83900037791605,-13.868004274768893
2024-11-09,298,2024-11-09 11:00:00,2024-11-09 17:00:00,90.36565867413384,131.5417332621093,106.88,133.34,26.460000000000008,-196.35812031146273,-19635.812031146274,16.514341325866155,1.7982667378907138
2024-11-10,299,2024-11-11 03:00:00,2024-11-10 18:00:00,76.37349161489249,125.75271794036242,80.66,128.02,47.360000000000014,-172.31172031146272,-17231.17203114627,4.28650838510751,2.267282059637594
2024-11-11,300,2024-11-12 03:00:00,2024-11-11 18:00:00,87.0099941769541,131.84404141798154,31.24,120.06,88.82000000000001,-124.92132031146271,-12492.132031146271,-55.7699941769541,-11.784041417981541
2024-11-12,301,2024-11-13 03:00:00,2024-11-12 17:00:00,62.38934133708221,127.11209430923655,91.82,150.04,58.22,-162.7909203114627,-16279.09203114627,29.430658662917786,22.92790569076344
2024-11-13,302,2024-11-14 02:00:00,2024-11-13 17:00:00,90.74122613509807,145.27025403130773,93.08,179.09,86.01,-135.15212031146274,-13515.212031146273,2.338773864901924,33.819745968692274
2024-11-14,303,2024-11-15 04:00:00,2024-11-14 18:00:00,76.40047684062266,154.30463373931687,109.55,151.63,42.08,-181.0585203114627,-18105.85203114627,33.14952315937734,-2.6746337393168744
2024-11-15,304,2024-11-16 04:00:00,2024-11-15 17:00:00,101.0393879299118,148.74162629878296,91.98,138.66,46.67999999999999,-174.35012031146272,-17435.01203114627,-9.059387929911793,-10.081626298782965
2024-11-16,305,2024-11-17 03:00:00,2024-11-16 17:00:00,85.7601961442214,133.4507925796224,54.17,134.0,79.83,-136.66292031146276,-13666.292031146275,-31.590196144221395,0.5492074203775985
2024-11-17,306,2024-11-18 03:00:00,2024-11-17 17:00:00,66.28760787255497,125.55404118636186,69.96,135.43,65.47000000000001,-152.9177203114627,-15291.772031146269,3.672392127445022,9.87595881363815
2024-11-18,307,2024-11-19 02:00:00,2024-11-18 17:00:00,77.80384675733885,130.754208347231,6.27,168.2,161.92999999999998,-48.81492031146274,-4881.492031146274,-71.53384675733885,37.445791652768975
2024-11-19,308,2024-11-20 03:00:00,2024-11-19 17:00:00,58.155207170799656,157.43880245467835,76.15,135.93,59.78,-159.35052031146273,-15935.052031146273,17.99479282920035,-21.508802454678346
2024-11-20,309,2024-11-21 03:00:00,2024-11-20 17:00:00,79.42296636137156,137.37917776017218,84.23,143.18,58.95,-161.15012031146273,-16115.012031146272,4.80703363862844,5.8008222398278235
2024-11-21,310,2024-11-22 03:00:00,2024-11-21 17:00:00,80.10987012946252,149.94261563603905,77.13,139.02,61.890000000000015,-157.3581203114627,-15735.81203114627,-2.979870129462526,-10.92261563603904
2024-11-22,311,2024-11-23 03:00:00,2024-11-22 17:00:00,74.5847138474955,136.0483343572022,79.68,136.3,56.620000000000005,-162.93412031146272,-16293.412031146272,5.095286152504514,0.25166564279780346
2024-11-23,312,2024-11-24 03:00:00,2024-11-23 17:00:00,75.44378588506453,130.00959185243892,3.32,91.28,87.96000000000001,-122.43092031146273,-12243.092031146272,-72.12378588506454,-38.729591852438915
2024-11-24,313,2024-11-24 11:00:00,2024-11-24 21:00:00,29.596696004676318,88.68471653869526,5.0,20.26,15.260000000000002,-195.33252031146273,-19533.252031146272,-24.596696004676318,-68.42471653869525
2024-11-25,314,2024-11-26 03:00:00,2024-11-25 18:00:00,51.99597134657392,106.95931364720668,74.62,122.52,47.89999999999999,-171.0469203114627,-17104.69203114627,22.624028653426087,15.560686352793311
2024-11-26,315,2024-11-27 02:00:00,2024-11-26 17:00:00,78.75213410729249,145.8640118822192,54.1,162.07,107.97,-108.51452031146272,-10851.452031146271,-24.65213410729249,16.205988117780805
2024-11-27,316,2024-11-28 03:00:00,2024-11-27 18:00:00,53.87544292450468,131.3076103946305,69.27,119.27,50.0,-168.30492031146272,-16830.492031146274,15.394557075495314,-12.037610394630505
2024-11-28,317,2024-11-29 02:00:00,2024-11-28 17:00:00,67.66025550373122,129.9791757025323,94.04,158.24,64.2,-157.0773203114627,-15707.73203114627,26.379744496268785,28.260824297467707
2024-11-29,318,2024-11-30 03:00:00,2024-11-29 17:00:00,84.8688500302826,150.9361896504472,89.69,142.67,52.97999999999999,-167.77532031146274,-16777.532031146275,4.821149969717396,-8.266189650447217
2024-11-30,319,2024-12-01 02:00:00,2024-11-30 17:00:00,56.19806901846588,128.72430231516486,85.7,136.71,51.010000000000005,-169.26652031146273,-16926.652031146274,29.501930981534123,7.985697684835145
2024-12-01,320,2024-12-01 10:00:00,2024-12-01 17:00:00,71.46810763096751,129.71479811880283,82.38,124.76,42.38000000000001,-177.49812031146274,-17749.812031146274,10.911892369032486,-4.954798118802827
2024-12-02,321,2024-12-03 01:00:00,2024-12-02 17:00:00,71.63403983116001,140.2086053202176,98.42,149.61,51.19000000000001,-170.6129203114627,-17061.29203114627,26.785960168839992,9.401394679782413
2024-12-03,322,2024-12-04 02:00:00,2024-12-03 17:00:00,93.56844366805824,147.95742946082532,108.9,197.88,88.97999999999999,-134.08052031146275,-13408.052031146275,15.33155633194177,49.92257053917467
2024-12-04,323,2024-12-05 03:00:00,2024-12-05 07:00:00,94.60330826945848,176.85691062466793,90.72,142.14,51.41999999999999,-169.45892031146275,-16945.892031146275,-3.8833082694584817,-34.716910624667946
2024-12-05,324,2024-12-06 03:00:00,2024-12-05 17:00:00,81.3875340985621,164.80952317298585,10.9,126.79,115.89,-95.41052031146272,-9541.052031146271,-70.4875340985621,-38.01952317298584
2024-12-06,325,2024-12-07 00:00:00,2024-12-06 17:00:00,16.64680814697116,119.68820165179804,71.85,146.85,75.0,-143.61452031146274,-14361.452031146275,55.203191853028834,27.161798348201955
2024-12-07,326,2024-12-08 03:00:00,2024-12-07 17:00:00,38.25975132753553,108.81202713889644,5.85,56.34,50.49,-160.20452031146272,-16020.452031146271,-32.40975132753553,-52.472027138896436
2024-12-08,327,2024-12-08 13:00:00,2024-12-09 09:00:00,24.99652546694245,106.91056021122372,28.32,116.02,87.69999999999999,-125.69092031146275,-12569.092031146274,3.3234745330575493,9.109439788776271
2024-12-09,328,2024-12-10 03:00:00,2024-12-09 16:00:00,60.64187290427471,122.49799663982918,87.7,125.34,37.64,-182.87652031146274,-18287.652031146274,27.05812709572529,2.8420033601708212
2024-12-10,329,2024-12-11 02:00:00,2024-12-11 07:00:00,79.92658616218947,132.3555147395931,102.62,206.85,104.22999999999999,-118.07692031146274,-11807.692031146275,22.69341383781054,74.49448526040689
2024-12-11,330,2024-12-12 03:00:00,2024-12-12 08:00:00,95.589398381136,164.7496196104393,112.51,215.0,102.49,-121.00372031146274,-12100.372031146275,16.920601618864012,50.25038038956069
2024-12-12,331,2024-12-13 02:00:00,2024-12-12 17:00:00,115.02389515346977,199.35844735711527,114.95,277.0,162.05,-61.736520311462726,-6173.652031146273,-0.07389515346976339,77.64155264288473
2024-12-13,332,2024-12-14 03:00:00,2024-12-13 17:00:00,97.71253795012436,207.65428828728352,93.44,260.0,166.56,-54.64532031146271,-5464.532031146271,-4.272537950124359,52.34571171271648
2024-12-14,333,2024-12-15 03:00:00,2024-12-14 17:00:00,78.83399698088901,157.40185328955576,57.57,124.62,67.05000000000001,-149.85092031146272,-14985.092031146272,-21.26399698088901,-32.781853289555755
2024-12-15,334,2024-12-15 13:00:00,2024-12-16 08:00:00,70.78457917728515,118.401530701285,71.89,109.71,37.81999999999999,-180.79932031146274,-18079.932031146272,1.1054208227148479,-8.691530701285004
2024-12-16,335,2024-12-17 01:00:00,2024-12-16 17:00:00,43.91564745312553,128.17916686818228,52.13,118.02,65.88999999999999,-150.35812031146273,-15035.812031146274,8.214352546874473,-10.159166868182282
2024-12-17,336,2024-12-18 02:00:00,2024-12-17 17:00:00,38.9912496254982,122.32243806989668,18.53,123.8,105.27,-106.94612031146274,-10694.612031146273,-20.461249625498198,1.4775619301033203
2024-12-18,337,2024-12-19 03:00:00,2024-12-18 17:00:00,32.30957299187326,113.52407923075516,3.95,80.91,76.96,-133.50652031146274,-13350.652031146274,-28.35957299187326,-32.614079230755166
2024-12-19,338,2024-12-20 02:00:00,2024-12-19 16:00:00,12.798447228455151,90.76529704227798,20.15,100.79,80.64000000000001,-131.77052031146272,-13177.052031146271,7.351552771544847,10.024702957722027
2024-12-20,339,2024-12-21 03:00:00,2024-12-20 17:00:00,26.7668272323623,98.984516806264,18.11,103.37,85.26,-126.90572031146273,-12690.572031146274,-8.6568272323623,4.3854831937360075
2024-12-21,340,2024-12-22 04:00:00,2024-12-21 16:00:00,1.3831009278221371,68.15402103699984,5.1,46.35,41.25,-169.35452031146272,-16935.452031146273,3.7168990721778625,-21.804021036999835
2024-12-22,341,2024-12-22 11:00:00,2024-12-23 06:00:00,14.353732525331516,85.2258260002317,18.67,61.2,42.53,-169.70292031146272,-16970.292031146273,4.316267474668486,-24.025826000231703
2024-12-23,342,2024-12-24 02:00:00,2024-12-23 17:00:00,6.586115822128416,97.41333897892824,78.0,114.72,36.72,-182.63252031146274,-18263.252031146276,71.41388417787158,17.30666102107176
2024-12-24,343,2024-12-25 03:00:00,2024-12-24 18:00:00,66.28040037305955,115.0174292190974,75.99,105.66,29.67,-189.44132031146273,-18944.132031146273,9.709599626940445,-9.357429219097398
2024-12-25,344,2024-12-26 03:00:00,2024-12-25 16:00:00,64.9324529708591,106.175912953407,90.87,120.5,29.629999999999995,-191.26692031146274,-19126.692031146275,25.9375470291409,14.324087046592993
2024-12-26,345,2024-12-27 02:00:00,2024-12-26 17:00:00,89.48843161584887,114.3920350089265,99.74,138.05,38.31000000000002,-183.6513203114627,-18365.13203114627,10.251568384151128,23.657964991073513
2024-12-27,346,2024-12-28 10:00:00,2024-12-27 17:00:00,90.13088166674312,134.66892199520709,113.4,158.4,45.0,-178.60052031146273,-17860.05203114627,23.269118333256884,23.73107800479292
2024-12-28,347,2024-12-29 04:00:00,2024-12-28 18:00:00,94.77349401483804,144.60242162132386,98.61,141.74,43.13000000000001,-178.6957203114627,-17869.572031146272,3.8365059851619634,-2.862421621323847
2024-12-29,348,2024-12-30 03:00:00,2024-12-29 17:00:00,96.16774900302192,139.61072337072773,82.97,134.4,51.43000000000001,-168.51892031146272,-16851.89203114627,-13.197749003021926,-5.21072337072772
