mae,rmse,mape,r2,direction_accuracy,bias,error_std,error_q05,error_q95,max_overpredict,max_underpredict,datetime,iteration
12.107841142018636,14.153568180214918,14.685046120885337,-2.4991551503798144,65.21739130434783,4.961988697052002,13.255269156162782,-21.204990859985358,20.235123550415032,21.593015136718748,-22.941550445556643,2024-01-14,2
13.913536109924317,15.2765580145267,16.09279210218065,-0.08733331362833674,78.26086956521739,12.567608477274577,8.684954918313398,-5.141816894531244,24.24345782470703,25.42918823242188,-9.914764404296875,2024-01-15,3
12.443343353271485,14.202778956336505,12.281560736167918,0.5115771794114097,86.95652173913044,-3.1548422241210936,13.847956550461072,-21.57275901794434,20.5729947052002,20.767828674316405,-25.28905426025392,2024-01-16,4
25.399704030354815,29.56411772147132,30.31352472100515,-3.444855726443376,73.91304347826086,25.399704030354815,15.129180143662508,9.451165740966802,55.0309953765869,64.78308227539063,6.975340270996099,2024-01-17,5
8.822019589742025,10.277453606619146,10.698381527963498,0.33705268800846855,78.26086956521739,7.798704821268719,6.693747511441474,-3.815175811767574,17.504096206665032,21.095629882812503,-7.349147949218747,2024-01-18,6
9.392715473175048,10.864954420830435,11.55003887508197,0.22048493466239938,78.26086956521739,8.290717474619548,7.022196118221197,-1.8182189254760717,16.34577793884277,20.42334350585938,-11.069014282226561,2024-01-19,7
13.192260812123616,14.077209687549363,17.322658197870755,-1.109538638372391,82.6086956521739,-13.192260812123616,4.9124420863905565,-23.12461806488037,-8.97828240203858,-3.592515563964838,-23.86415954589843,2024-01-20,8
7.448370380401612,8.990245172766974,13.186079644021584,0.0445218682114672,78.26086956521739,2.9784048652648933,8.482547537445711,-8.151041336059572,15.953878738403322,17.640143737792968,-11.32680450439453,2024-01-21,9
19.44515843073527,24.358657394539915,67.78994983630211,-0.18132431497069135,69.56521739130434,18.621533807118734,15.70295095626641,5.060900039672849,48.528354217529284,50.50423889160156,-9.883495483398434,2024-01-22,10
19.326596959431967,23.084820863101264,83.9860725729018,0.18577290296240612,86.95652173913044,19.326596959431967,12.625038782085007,1.4574151763916028,38.48520732116699,51.85333801269531,0.4952322387695318,2024-01-23,11
23.64809799194336,28.433249307039926,1187.8902943450028,-0.14106734597835846,78.26086956521739,18.93565335591634,21.210627009611496,-17.575328178405762,51.23386038970946,54.4078793334961,-19.65132583618164,2024-01-24,12
15.52302047729492,19.05320390695097,22.640302080646833,-1.5151032808029612,82.6086956521739,-12.122924677530925,14.698954941857716,-32.537364471435545,8.603560775756835,13.537143859863278,-33.934633026123045,2024-01-25,13
13.101353448232013,15.833588875206072,21.466035026126338,-0.5690573791909199,82.6086956521739,13.101353448232013,8.891404528731586,1.1407900848388663,26.03612072753906,27.01988098144531,0.07224731445312216,2024-01-26,14
7.496724325815836,8.681428907801058,14.58232946975997,0.20559492800559165,82.6086956521739,-0.2913746579488121,8.676537828529826,-13.976968059539796,13.566854446411122,14.20297546386719,-14.352617111206058,2024-01-28,16
13.696619281768799,15.497446492829877,16.606473361050128,0.14665806423625372,82.6086956521739,-12.995616334279378,8.443032860905852,-26.859293869018554,2.426096054077149,4.078787689208987,-27.54446197509766,2024-01-29,17
5.33499745686849,6.922691814903285,6.581454592517018,0.5601159875681322,78.26086956521739,3.4126514434814452,6.023078290163007,-5.518231628417973,12.426764251708976,13.377919006347653,-8.976848449707035,2024-01-30,18
14.761482696533202,16.89023978003026,21.546305778459086,-0.2522515271509358,78.26086956521739,1.9791794331868484,16.773879950630587,-17.81543173217774,25.00771878051758,33.16372436523437,-28.362873535156254,2024-01-31,19
11.00080046335856,12.474440703372636,16.363019006648102,0.42781641923236,82.6086956521739,-0.5750915145874025,12.461177336504347,-14.404717437744136,20.851040466308593,22.18324066162109,-15.442433776855466,2024-02-01,20
9.972147852579752,12.396065147654538,15.904666340904077,-0.025576324377048598,82.6086956521739,7.037103322347004,10.204979567618363,-7.388621528625486,20.63539846801758,20.88415740966797,-9.48556900024414,2024-02-02,21
10.318529777526855,14.120936992769686,38.26027110545362,0.2768809235516311,82.6086956521739,7.332738774617513,12.06780028078822,-6.015970886230466,29.550717567443847,33.464657592773435,-11.094245605468757,2024-02-03,22
18.75237299601237,20.831197300451823,218.18388717396408,-0.10084428589414429,82.6086956521739,18.75237299601237,9.071234094034692,6.244273460388182,30.573139602661126,41.10815689086914,0.4268267822265628,2024-02-04,23
15.158380400339764,21.492133921069154,290.41781269781006,0.42873342649281665,82.6086956521739,8.355665136973064,19.801380775085974,-17.671159378051758,45.02996308135986,47.5211067199707,-24.068480834960937,2024-02-05,24
10.26493226369222,12.118233435634247,43.177610203920416,0.6728281058214381,91.30434782608695,10.187509905497233,6.56248607815053,1.7944403686523376,24.007231590270987,26.180509948730467,-0.9290682983398426,2024-02-06,25
8.981145655314128,11.260898879380418,19.27503835885763,0.546729144839637,78.26086956521739,3.0463588333129876,10.84101201135425,-11.818249336242676,19.295462097167963,20.834173889160155,-26.267470550537112,2024-02-07,26
20.899272581736245,23.95638015312357,50.85724076354755,-1.8992822011079054,78.26086956521739,13.943728135426838,19.480261695528597,-22.60387437438965,40.53563385009763,50.20790954589844,-28.619116973876956,2024-02-08,27
27.925213003158564,31.53137638434551,39.09236311599809,-17.467783554602274,82.6086956521739,-27.81845363934835,14.844572537014615,-41.447398220062254,-1.5095693969726645,1.281112365722656,-43.43741409301758,2024-02-10,29
9.271814937591552,10.69810596281963,16.852976934879173,0.316817870919319,69.56521739130434,-1.350298824310303,10.612547492321678,-17.678986679077152,15.031467361450188,16.745250244140628,-23.79953277587891,2024-02-11,30
6.240828495025635,8.625586204777083,8.060779297651623,0.5329142486672187,78.26086956521739,-5.715467510223388,6.46019879845981,-17.457935691833494,1.684344795227054,3.748816833496093,-25.31726837158203,2024-02-12,31
5.174641030629477,6.197745893699206,7.456149938462941,0.6188122192126418,86.95652173913044,-0.24724856694539543,6.192812148693743,-7.288354255676273,9.826085235595704,12.709162597656245,-13.237983856201168,2024-02-13,32
5.638103300730388,6.917960995136515,8.933197243336814,0.5379665884158227,82.6086956521739,4.635552069346109,5.135157382457836,-3.3377562561035177,13.702337265014636,15.460130310058595,-5.773807373046878,2024-02-14,33
10.912716051737467,12.883516206838353,20.29506672301594,-0.5638807925199567,82.6086956521739,10.081835619608562,8.021320364569576,-2.8454540557861265,22.88186094665527,23.609060058593748,-4.677269592285157,2024-02-15,34
5.247138805389405,6.289630727425609,8.712855912985056,0.6080760064015052,82.6086956521739,-1.3669827079772947,6.139284401578694,-9.177405426025386,6.730419616699219,8.975296020507812,-16.07921340942383,2024-02-16,35
9.460694204966227,11.137553743244467,15.071620785310028,-1.0970758541724046,73.91304347826086,-8.999345569610595,6.561774356253722,-18.408817070007323,0.2410814819335896,5.137680511474606,-18.605253295898436,2024-02-17,36
4.824592873255411,6.421180683544215,10.92254212861112,0.5709095480006835,73.91304347826086,-0.9159008185068762,6.355524137424054,-9.614631324768062,10.772228561401361,11.97658996582031,-15.36247497558594,2024-02-18,37
8.307736689249674,10.291737170315063,15.931531051145273,0.3225040326068911,95.65217391304348,7.477653325398763,7.071389872436497,-2.6518008422851556,16.48768989562988,16.719722595214847,-3.230400695800782,2024-02-19,38
3.592201124827067,4.610414086461946,5.914068348936844,0.732190597378165,86.95652173913044,2.9339395078023274,3.556391009605577,-1.3501257400512696,8.97984957885742,9.38768402099609,-3.611450805664063,2024-02-20,39
5.768137232462565,8.54810878798094,12.708485152619996,0.2895352097381044,82.6086956521739,5.0476442591349295,6.8986557592315885,-1.8537431716918888,18.331776458740226,20.919495544433595,-3.8846517944335943,2024-02-21,40
20.804938004811607,25.65977011684243,345.83862774087385,0.023690354435313865,86.95652173913044,8.571982326507568,24.185634609065804,-19.877957313537593,49.836882705688474,50.5016162109375,-21.47157836914063,2024-02-23,42
7.575931091308594,10.75906162608847,13.552665658166585,-0.18134703914266437,82.6086956521739,-4.790196520487467,9.633868608668028,-21.67523126220703,4.132749481201169,8.362794189453126,-26.2284912109375,2024-02-24,43
14.805257892608642,15.547643706463992,25.81469201818345,-4.493212448264935,78.26086956521739,-14.805257892608642,4.746953081345851,-21.35925028610229,-7.0086935195922875,-6.399750976562501,-24.37497512817383,2024-02-25,44
4.400161520640055,5.499620755525426,6.373918409941807,0.6477218979761659,78.26086956521739,-3.1548207410176587,4.5047679792249955,-8.898051605224605,3.4053967514038064,3.9689701843261744,-14.557728271484379,2024-02-26,45
5.835914904276529,8.300147903009218,7.884501698903344,0.6040344884829562,73.91304347826086,-1.978491783142089,8.060894830964337,-11.77285739135742,9.630528717041017,16.816518554687498,-25.41327087402344,2024-02-27,46
8.818945515950519,10.631169031206571,12.544933137817932,0.1868240694109351,73.91304347826086,-3.446794751485187,10.056906130178398,-16.766984550476067,14.011297851562496,15.87699188232422,-21.487375488281245,2024-02-28,47
7.586214122772216,9.137487829249611,12.166415545311104,0.12291482765525619,69.56521739130434,-0.3457692782084149,9.13094340339113,-9.150139953613285,13.96781777954101,24.50515441894531,-11.344654693603516,2024-02-29,48
9.355550359090168,10.388349097296036,14.219389764580006,-0.47355479499557496,69.56521739130434,-8.95123613993327,5.271922660134911,-15.950498268127436,0.9882830657958902,3.364680480957034,-18.361036682128912,2024-03-01,49
19.530350399017333,22.026180124725865,28.75558442817955,-2.9368004610349323,73.91304347826086,-19.530350399017333,10.184204641427444,-32.826498214721674,-3.226508270263671,-1.0162594604492199,-36.97024154663086,2024-03-02,50
10.272193552652995,10.978005606386228,16.645919569352994,-0.10054372438372461,82.6086956521739,-9.865360005696614,4.815732452270282,-16.530140029907226,-3.265924758911142,4.882002563476561,-19.078955535888667,2024-03-03,51
8.463203264872233,10.843546277177118,10.646102564035669,0.3302720444047287,78.26086956521739,-6.0560120010375975,8.994843773438777,-24.20601614379883,5.61362457275391,7.57600494384765,-26.047018737792968,2024-03-04,52
8.519982643127442,11.065664826246728,10.42660364600555,0.5038694542072283,91.30434782608695,-1.4101565806070966,10.975445160220362,-20.49322007751465,16.996583480834943,24.78307006835938,-22.830153503417975,2024-03-05,53
7.273705406188964,8.748845137782956,8.709530870421895,0.6695399346467089,100.0,-6.7568534723917635,5.5576274072247625,-18.311586837768555,2.023216583251947,2.7421908569335898,-18.935260009765628,2024-03-06,54
7.347944494883219,10.533666152691676,9.985555306040172,0.06994175384174095,78.26086956521739,4.564618371327719,9.493280873359838,-5.901347503662112,22.595796340942375,31.247479858398435,-7.343262023925774,2024-03-07,55
6.945080782572428,8.708392599659202,13.587785518862416,0.6642213366475174,91.30434782608695,5.45506337483724,6.788106160506662,-4.7905710678100535,15.059373367309565,25.47742431640625,-5.045517883300775,2024-03-08,56
14.413465112050375,15.554941840610876,30.07023582058828,0.15141925675573098,69.56521739130434,-4.6015223757425945,14.858741786918808,-23.273384288787838,20.214617622375485,21.10271011352539,-25.894915618896484,2024-03-10,58
5.270501645406088,6.4818978407119126,6.922291977139225,0.7600993312828948,82.6086956521739,-4.058347765604655,5.05418767269652,-11.90054357147217,2.5997006454467764,4.5145059204101585,-16.045631103515632,2024-03-11,59
9.590041376749674,10.85445817899701,13.392664307620484,0.16888471510438963,78.26086956521739,0.33243522644042933,10.849366303144926,-13.700162307739257,15.67137161254883,21.575240783691413,-17.477730102539056,2024-03-12,60
10.666688849131267,12.564986160324422,20.028444658481003,0.36649579079047123,86.95652173913044,9.442441171010335,8.289703368707064,-3.381942489624028,18.503669494628905,23.965568237304694,-8.521616973876952,2024-03-13,61
7.4397618611653655,8.849014138381321,14.612609639488564,0.5881488951315017,73.91304347826086,5.009566726684572,7.2944699898051075,-5.875987464904787,17.044055702209462,18.92368896484375,-9.308494567871094,2024-03-14,62
16.721705265045166,19.292542347283728,61.74311774251539,-0.2860938760587248,73.91304347826086,16.63208739598592,9.776290660266923,5.47773932647705,31.891955696105953,39.071997833251956,-1.0754144287109426,2024-03-15,63
7.711407718658447,10.392021199414353,17.531973655617193,0.7070263869222715,86.95652173913044,-3.704527772267659,9.70930371311841,-18.667871505737306,11.38100656127928,21.07896957397461,-19.964972991943355,2024-03-16,64
9.91876830101013,12.873984665040311,24.53932347007125,0.38300112805542197,65.21739130434783,6.22459547996521,11.26915667947206,-11.15780895996094,28.577869430541966,32.86151641845703,-11.569083862304687,2024-03-17,65
11.463034432729087,14.1070184867057,20.040863460341388,0.5832191463262894,82.6086956521739,0.5228395652770988,14.097326320023852,-20.18969021606446,21.93291806793213,26.688291931152342,-26.417087707519528,2024-03-18,66
9.164594548543294,10.965095086378467,16.179770007133328,0.7784904764049543,95.65217391304348,1.6915294520060211,10.833837656450156,-12.780776786804203,18.586932388305662,20.367437438964842,-13.889618835449227,2024-03-19,67
12.438268667856851,14.666392471196104,30.495571577830354,0.6358273500243655,91.30434782608695,11.541655165354411,9.049489718387752,-2.343513496398928,23.743455482482908,24.622380828857423,-7.89117431640625,2024-03-20,68
12.826977265675865,14.049645138851039,27.901278304031194,0.4570456696216654,91.30434782608695,12.729266262054443,5.94628530743044,2.5572245101928694,21.08726443481445,24.276158752441404,-1.172532043457025,2024-03-21,69
17.985278873443605,20.226134995784964,61.58366677343404,-1.0095828542796559,65.21739130434783,17.985278873443605,9.253446963817343,2.8204476699829133,33.543281845092764,35.03282623291015,0.819524841308592,2024-03-22,70
30.1433465607961,30.924463624487757,inf,-5.425792863270785,73.91304347826086,30.1433465607961,6.906598915385794,20.90592586517334,39.62695294189453,45.10773391723633,17.143053436279295,2024-03-23,71
17.916232760747274,23.045388353805336,49.69432996577911,0.25743113409172513,52.17391304347826,2.741871767044067,22.88169713091215,-42.29478811645508,34.06444712066649,37.22912841796875,-57.82096588134766,2024-03-25,73
17.22581185658773,20.863673103239766,45.80976028985133,0.09825946145722597,60.86956521739131,9.42178778330485,18.615122087303586,-23.748377944946288,31.27024013519287,46.24166656494141,-35.98871536254883,2024-03-26,74
13.6576621055603,17.076606877601442,40.99744135584247,0.25624341189548294,78.26086956521739,5.981499334971109,15.994754395047305,-18.362354774475097,30.715490463256835,34.147314453125,-20.60245498657227,2024-03-27,75
37.221477311452226,38.418739059424404,4870.083034732337,-7.616231058742697,69.56521739130434,37.221477311452226,9.516361577262023,20.19960838317871,52.2766741027832,54.07465301513672,17.402745666503904,2024-03-28,76
20.489631563822428,25.43916756415415,69.40236885617311,0.18363279542243227,78.26086956521739,-4.628634096781412,25.014535629414056,-49.97806768035888,20.31358566284179,32.360180053710934,-51.771784210205084,2024-03-29,77
16.425365738868717,18.93561262716049,31.180466133328228,0.18853278072387414,69.56521739130434,-16.308533218701683,9.622326632389058,-30.378923789978032,-2.9021719074249295,1.4019902420043948,-38.284455108642575,2024-03-30,78
15.91920376618703,20.27884017367608,155.43689513630483,-2.193507852455404,60.86956521739131,13.692886157035824,14.957814929994143,-7.390223232269287,36.45660456085204,50.48020446777343,-9.697063446044922,2024-03-31,79
32.037849594752,32.407260988864955,inf,-40.44841886454547,65.21739130434783,32.037849594752,4.8792169601748645,23.884676139831544,38.72563027191162,44.38805709838867,20.392465744018555,2024-04-05,84
21.18142148335775,30.655873645847272,155.8936581266232,-0.18510333136939594,60.86956521739131,-13.685248832702635,27.431670626798585,-73.71372168731689,18.0358486328125,22.490890502929688,-81.47286170959472,2024-04-10,89
9.915724480946858,13.142126512516807,inf,0.5974233355016498,73.91304347826086,1.959031867980957,12.995294664271071,-22.367092124938967,12.939959852218626,18.728180541992188,-42.55888885498047,2024-04-12,91
19.22391700646219,25.098613741945673,4750.095486700639,-0.1952850121856744,65.21739130434783,18.45872301003275,17.00635047875563,-2.6034546890258787,51.39684659445285,55.027979076132176,-5.904175186157225,2024-04-13,92
6.491116520265739,9.77020522526717,inf,0.516171415258132,69.56521739130434,4.743233985602856,8.54158307936298,-5.275764359474182,18.353910233497608,35.24413074493408,-6.072769031524658,2024-04-14,93
35.529302414258325,45.55184944014944,inf,-0.09963876754528633,65.21739130434783,-18.52069502989451,41.6167615634336,-84.4705002861023,35.02589366531369,38.49446197509766,-103.0914192199707,2024-04-17,96
27.459982310930883,32.497510044020224,61.784117167174344,0.2865785396064493,69.56521739130434,-21.626831231117247,24.25630495277397,-59.55828588104248,23.46161246871942,42.0818669128418,-68.43673049926758,2024-04-18,97
11.093701248516638,15.462185885228585,inf,0.42909759318333796,52.17391304347826,0.04084499393900284,15.46213193695592,-20.77978092956543,17.20127581787109,22.659726867675783,-51.56755332946777,2024-04-21,100
40.193725806872045,48.13445406596194,61.4639260865396,-0.8058368092861752,82.6086956521739,-39.223917889595036,27.899998810367475,-81.52005208587646,1.7826818180084096,8.87108871459961,-90.90864608764649,2024-04-22,101
25.5302303536733,29.084840191067908,32.416022921028215,-1.4730208927195463,65.21739130434783,-22.10227080980937,18.905490048919862,-46.30602197265625,10.466822601318341,21.312554626464845,-48.062804336547856,2024-04-23,102
17.523477764129638,22.077969737915495,42.133201773147164,0.11276737269492454,73.91304347826086,15.282315222422278,15.933850419494737,-5.751227661132817,38.173688583374016,49.30484313964844,-8.299236755371098,2024-04-24,103
9.72096789042155,11.575662373540808,12.944983355029919,0.3201137163614244,78.26086956521739,-2.964408213297526,11.189648936903366,-20.5977515335083,12.27660807800293,14.039988708496097,-22.282329406738285,2024-04-25,104
8.58541182200114,10.350279546558921,10.691789421521907,0.14850890474796197,65.21739130434783,-5.128209495544433,8.990536917321672,-17.900667770385734,7.527711593627926,11.911725769042974,-23.915912780761715,2024-04-26,105
33.262303089300794,38.61853265607472,7927.094251738832,0.06836422818946353,73.91304347826086,26.469146770636243,28.12072783095819,-14.057424758911134,68.47993417072294,78.36731170654298,-18.77016143798828,2024-04-28,107
16.012989438374838,18.055468677209465,28.53322503873305,0.20149931253846776,65.21739130434783,9.254490394592285,15.50336597936368,-17.52527651214599,29.24279595947266,30.469583435058595,-29.361196289062505,2024-04-29,108
21.457536239624023,24.701715306056865,61.32809525121529,-0.0462504856159105,43.47826086956522,15.513371264139812,19.2226442271204,-23.367847145080564,42.32390962982178,45.097503662109375,-25.35324401855469,2024-04-30,109
18.46537478129069,20.08800053874107,inf,-0.6268359428544286,78.26086956521739,18.255754254659017,8.381837640873318,4.82842867279053,29.827145484924316,30.256605529785155,-2.5154463195800787,2024-05-02,111
9.093603208412727,11.922724433284538,54.31066737422342,0.549404786160572,73.91304347826086,-0.7781946034729478,11.897300999435362,-19.647929279625416,18.677513584136946,20.560993881225585,-33.3661139678955,2024-05-03,112
12.027570227086542,16.133619233729096,39.67736183576731,-1.3439683681876136,52.17391304347826,-9.336723682185015,13.157479259397634,-31.27282587528229,8.747319229125958,16.57579254150391,-36.08482913970947,2024-05-04,113
16.549791538442175,19.914205397265285,inf,0.253086478298417,65.21739130434783,-12.512585526580613,15.492281305362198,-32.08846985626221,9.89062393569946,12.749913253784179,-48.92093215942383,2024-05-05,114
27.8214451789856,30.349269236964485,40.75364155819367,-2.384645536433191,69.56521739130434,-27.8214451789856,12.126224943091644,-48.22464597320557,-10.127654815673832,-6.978634033203122,-49.09488586425782,2024-05-06,115
17.56307430267334,20.95523885010088,41.2835537746937,0.11730564659044074,78.26086956521739,6.39184580485026,19.956611497741676,-18.45228742218018,42.978203903198214,50.495750732421875,-21.457973022460934,2024-05-07,116
34.08252127329508,38.33019031599993,282.01154413515894,-6.103754769514085,60.86956521739131,34.08252127329508,17.53810803126045,3.061490745544435,62.92725706481932,70.20735168457031,1.6132658386230503,2024-05-08,117
18.521016136805216,20.366652170112943,23255.891184430628,-1.6764006816684556,69.56521739130434,16.88314205487569,11.391226227814727,-5.148439758300779,31.083201820373535,31.353649291992188,-12.78031295776367,2024-05-09,118
8.969814683198928,10.3140006112998,inf,0.6488607480010277,73.91304347826086,6.575784976879755,7.945921000597423,-6.127748477935791,17.081170159339905,17.86301460266113,-11.273532638549803,2024-05-11,120
18.809199092636508,28.862676225662646,inf,0.40672490002707307,69.56521739130434,11.768955950190623,26.354235992528874,-13.816642963409423,64.9644390528202,82.01648239135743,-27.82534408569336,2024-05-12,121
22.214843441645304,25.967566784248646,inf,-1.5046283046904536,86.95652173913044,20.634486875534055,15.764912815421033,-7.6152257995605455,41.293708312988265,47.75166702270508,-9.982446289062501,2024-05-13,122
11.030549023946127,13.03206904371543,102.23810745008946,0.2945131887951621,73.91304347826086,7.180881748199464,10.8751901536728,-10.61036791610718,20.701399684906,27.86090362548828,-23.053725738525394,2024-05-15,124
12.882140166163445,18.174642390464424,63.04141674476639,0.46694185510186226,73.91304347826086,-8.392036803762117,16.121145874458442,-38.11152517700195,9.353340847015378,17.559485626220702,-41.90802780151367,2024-05-16,125
19.82350631167491,24.518591356969083,44.92069288347797,0.10433677396111185,65.21739130434783,-18.404525872170925,16.199837948283,-49.11437491226196,2.7845699577331535,11.76661911010742,-57.1051806640625,2024-05-17,126
11.100010035832723,13.758866799242291,inf,0.5853402658183693,73.91304347826086,9.288509009679158,10.150370238390368,-5.0422144279479975,24.439110214233388,31.00270050048828,-5.501000366210931,2024-05-18,127
9.65458947579066,11.578035121570188,inf,0.7587754932588817,82.6086956521739,5.8601111658414204,9.985489191836999,-11.990588989257812,16.100812324523922,22.635758361816407,-23.766978683471677,2024-05-19,128
18.387501578330994,20.788557564276303,309.5824497469548,-1.3117151902244215,73.91304347826086,18.387501578330994,9.69865512893951,9.980506164550778,33.56832828521728,52.199166259765626,7.633631896972659,2024-05-20,129
10.287947314580281,14.80690313151952,29.678325808724193,0.4440336497563766,56.52173913043478,-5.74383903503418,13.647442745284563,-33.28864311218262,11.495884822845444,17.244594268798828,-38.343354339599614,2024-05-21,130
20.965379158655804,24.463743923287737,42.09035440579849,0.10672432214766714,73.91304347826086,-18.016641664505006,16.54918094278445,-42.15306230926514,10.994407440185531,16.140313873291014,-50.210224609375004,2024-05-23,132
26.051013174057005,29.35775687617764,37.07595960326688,-0.5805189011618526,78.26086956521739,-26.051013174057005,13.535974342686373,-51.558719036102296,-9.672674945831304,-5.365896606445318,-51.80958732604981,2024-05-24,133
17.187415794904034,20.25624261875509,inf,-0.11745506975085207,78.26086956521739,16.772551502759256,11.357679389609403,-1.1736427346169953,29.213102088928224,46.834120178222655,-3.498647689819336,2024-05-26,135
11.580014778772991,14.238506649436799,57.596450180622284,0.3649816472192102,78.26086956521739,2.4000459957122806,14.034772916742238,-25.105963165283207,23.089129486083976,28.937176513671876,-25.794251861572263,2024-05-29,138
6.374763815601668,8.215568211519127,7106.714900657883,0.6988695439808621,65.21739130434783,2.681441184083621,7.765657358808965,-7.2788715219497675,15.322351634979242,23.055114974975588,-7.7023822021484385,2024-06-02,142
23.33901180744171,30.063191017684932,inf,-0.013275987629801866,82.6086956521739,-9.745383296012877,28.43981291393467,-56.48644107055664,25.168390075683583,26.445000915527345,-69.28284713745117,2024-06-04,144
23.6670178604126,27.48925201195748,inf,0.18624973900382746,69.56521739130434,3.9374495442708333,27.205798412530186,-41.69521452331543,39.47278735351562,48.9958740234375,-44.41117858886719,2024-06-05,145
18.007023434638977,21.64163428759671,36.755648525307066,0.43348219834263735,69.56521739130434,-13.889649364153547,16.596324146597958,-38.38784521484375,10.257040184020997,15.807786865234377,-45.20676391601563,2024-06-06,146
10.601080379486085,12.736023033690435,22.749428106624325,0.6163938310198616,82.6086956521739,-7.1106333096822105,10.56622811839358,-24.884060981750487,7.896666290283201,21.093899383544922,-26.629855957031253,2024-06-07,147
16.218442674378554,18.21078304807687,573.1806442466186,0.5056602867025604,78.26086956521739,15.287444495260715,9.895790015377587,-1.680177734375,28.822922927856446,29.25504943847656,-8.615344848632816,2024-06-08,148
8.370946122805277,10.907782600367552,391.2680181060772,0.8537800215194482,82.6086956521739,2.3110336303710937,10.660152194794168,-15.45442833328247,15.335436523437494,16.283244400024415,-31.58507934570312,2024-06-09,149
12.857378772099812,16.28930189615876,inf,0.4407080253089868,60.86956521739131,10.490297740300496,12.461741835877026,-5.936927833557129,36.72963701248165,41.98820373535156,-12.077081146240232,2024-06-10,150
14.348085257212324,17.51957757693037,33.137939526907736,0.4436546213811259,73.91304347826086,-9.313487599690754,14.838953709897739,-28.76572888183594,19.026634708404508,27.32379119873047,-40.39773956298828,2024-06-11,151
14.028873885472615,16.499912429581457,53.19385812939661,0.09059274906688974,56.52173913043478,11.069737558364869,12.235522897399315,-7.587994735717775,31.22636815643309,38.0486489868164,-20.613307647705085,2024-06-12,152
21.34014476756255,28.74220978264322,inf,0.1464219438698704,65.21739130434783,18.976298630833625,21.587373936236276,-8.175424343109132,60.445536471843695,67.82116271972656,-13.315757522583006,2024-06-15,155
5.586788542866707,7.471761920636511,1112.1855857443852,0.883706640206999,69.56521739130434,0.5072536581754686,7.454523453913162,-13.92382628440857,11.423418872833249,13.26707763671875,-16.399925003051756,2024-06-16,156
11.793570043245952,16.95400910756602,38.78695461698809,0.31698626393725715,73.91304347826086,-1.0687598752975465,16.92028892035788,-18.71666058921814,22.044460289001446,47.17801727294922,-48.311849670410155,2024-06-18,158
19.469401038487753,26.013911418288707,29.575676354928405,0.07723785591188048,78.26086956521739,-18.867181831995648,17.909579475715923,-51.0587960281372,1.1148899078369072,5.586736679077148,-68.24473358154297,2024-06-19,159
30.234355595906578,31.50734020690775,38.60287909330107,-0.8223583033257367,69.56521739130434,-30.234355595906578,8.86545140498206,-47.04416091918945,-19.200627693176273,-10.328726501464843,-48.834290771484376,2024-06-20,160
20.18084882736206,24.33498724051462,24.502048183682682,-0.28484630850380754,82.6086956521739,-12.265460758209228,21.017851374125733,-41.813261192321775,14.329025245666505,15.276160278320319,-44.93941802978516,2024-06-21,161
21.250978577931722,24.772503312886673,inf,0.33619091763837095,82.6086956521739,16.118704001108807,18.811281235248707,-15.389524200439459,41.617501930236806,49.02151580810547,-17.976630249023444,2024-06-22,162
19.04059021949768,21.74667639923196,49.32263815866349,0.513456612293855,78.26086956521739,7.306082620620727,20.48265342072594,-25.05411991882324,40.54904849243163,41.55203399658203,-39.12241027832032,2024-06-24,164
18.322562605539957,23.953647354391297,inf,0.5520571591747313,69.56521739130434,6.671969470977783,23.005695924202723,-47.57052194213866,33.84603187561035,36.028907775878906,-57.252902679443366,2024-06-25,165
48.70996669769287,51.70559650942103,47.93274768124062,-5.281034110123943,69.56521739130434,-48.70996669769287,17.343813153534136,-66.44186310195923,-10.734472564697281,-7.3043060302734375,-68.36835098266602,2024-06-26,166
39.55842777252197,44.624482353774795,104.62701902029113,-1.5131217092879554,82.6086956521739,39.55842777252197,20.65127641354211,9.721425231933592,73.63897613525388,75.0207504272461,2.1218490600585938,2024-06-27,167
34.17786555926005,37.91197361228548,26263.038970447717,-0.002479634634061423,86.95652173913044,25.281080547968546,28.252162917301693,-25.020274253845212,56.44273287963867,64.91508911132813,-26.740150146484382,2024-06-28,168
18.224525764783223,23.412334652905763,inf,-0.724605311713548,65.21739130434783,18.05908108552297,14.89989947100847,2.5082009582519524,40.74740184020996,61.412842712402345,-1.9853361511230467,2024-06-29,169
15.340618823369345,18.574199535984278,33.78471224958333,0.33483629844511753,73.91304347826086,-5.917012650171916,17.606528610156634,-28.551467472076414,19.24575238418577,29.76339752197265,-44.74614364624023,2024-07-01,171
12.506669359207152,14.196251975424655,53.36552700398688,0.7630116145348158,78.26086956521739,2.663987601598104,13.944057523127192,-21.051670318603517,18.248502372741694,24.130401611328125,-26.108585510253903,2024-07-02,172
30.04418830235799,42.19210363919365,inf,-1.5299572721809689,65.21739130434783,23.24937686284383,35.20852290269956,-17.532139152526856,80.84858990478516,100.99246826171876,-20.560043334960938,2024-07-03,173
31.536187804540003,36.03399602969754,inf,-1.8624297482317473,73.91304347826086,30.523440663019816,19.151199439183095,-1.7146257019042976,53.01138236999511,66.03627502441407,-9.081041564941408,2024-07-04,174
13.773350868622463,18.900781182745895,241.7902487793,0.6678047237167207,82.6086956521739,-8.708751558065414,16.77489718650861,-41.86018054962158,9.026980876922604,11.944773635864259,-42.79092987060547,2024-07-05,175
29.531500810782116,32.29354134512994,inf,-1.3879329717840472,82.6086956521739,29.531500810782116,13.067642192545375,10.557408256530762,49.50808191680908,50.14639221191406,9.980692672729493,2024-07-06,176
18.62686416784922,29.18767459988951,inf,0.38916365813127307,91.30434782608695,-15.432429734865826,24.77418941211729,-68.06694820404053,6.468907002925868,7.075652465820313,-68.71003505706787,2024-07-07,177
29.52818075339,32.60808634919328,46.3937074190552,-0.5843731003055448,65.21739130434783,-28.756602079073588,15.37352048888821,-53.014376438140864,-1.86274851226808,9.258944091796877,-55.39771163940429,2024-07-08,178
17.68438865025838,22.238138239719998,98.48676747337223,0.4566847751927354,78.26086956521739,17.069559116363525,14.25359407103583,-2.622615768432622,42.230785270690916,45.53819183349609,-3.9687939453124983,2024-07-09,179
15.447834587097168,17.69123371967551,23.096902495132955,0.37519051266358483,73.91304347826086,-14.544110768636068,10.07216920399117,-26.763074340820317,1.2596391830444273,9.127312927246095,-37.18627349853516,2024-07-10,180
15.03187388420105,16.726711336621257,20.823886775601753,0.31260579054461846,78.26086956521739,-15.016883293787638,7.367230706270559,-26.78496615982056,-2.30549975585939,0.17988708496093864,-27.51506286621094,2024-07-11,181
12.248640645345054,15.577931407943257,27.63970515876968,0.17666105698595758,69.56521739130434,9.379970893859863,12.437366802540112,-4.868855468750001,29.43593254852293,38.059077453613284,-11.451662902832034,2024-07-12,182
13.87972961584727,16.609017265901535,inf,0.7051312304614115,60.86956521739131,2.253995801607768,16.45536257471557,-17.128016921997073,26.314771381378172,26.60385398864746,-38.66072982788086,2024-07-13,183
23.813875281810756,28.721646131797545,inf,0.7042827234448452,82.6086956521739,4.344737835725148,28.391129066294972,-30.04502291107178,58.757810634613016,60.997236328125,-32.85764358520508,2024-07-14,184
9.213959075609843,11.950562197002295,43.533694918433866,0.8035802103781678,86.95652173913044,-0.8279829931259156,11.921844697340866,-15.252598958969115,14.11348548889159,34.722485656738286,-26.02093353271485,2024-07-15,185
21.04677632967631,25.353225923868354,30.347420275315546,0.2821501889722049,82.6086956521739,-18.784617319107056,17.02716115274104,-50.035504676818846,8.149428333282463,13.544732055664063,-52.80618591308594,2024-07-17,187
13.766585295995077,15.98144756147031,18.163031626835213,0.6695358479257023,78.26086956521739,-13.673058964411418,8.273700787178242,-30.259178031921387,-5.036180778503417,1.1223159790039006,-31.317924957275395,2024-07-18,188
11.414283914566042,12.437364274467816,15.131783247908862,0.6699918812681407,82.6086956521739,-4.976270964940389,11.398454166214801,-17.43237950897217,15.593734664916989,15.867764892578123,-18.522270812988282,2024-07-19,189
15.771074857711794,18.71940097212019,inf,0.6696697350884007,73.91304347826086,5.7397268327077215,17.817730176453715,-23.610515861511228,32.096329101562496,32.58729095458985,-25.643421020507816,2024-07-20,190
12.359201367696128,14.936580738918362,25.68959280045921,0.3258407928242455,65.21739130434783,8.58070425669352,12.225913406751607,-10.728713546752934,29.413348503112772,31.177413024902343,-12.732623901367191,2024-07-22,192
14.263242111206054,17.324980357408997,92.80439377024211,0.6867199085845732,82.6086956521739,5.98185733795166,16.259530349090696,-17.212277183532713,32.308556060791005,37.49760498046875,-21.311569519042962,2024-07-23,193
17.964863370259604,22.544136593924982,18167.87586369255,0.5690658988016997,86.95652173913044,8.860652071634929,20.7298562375859,-21.055648727416994,38.30451847076416,43.28832458496094,-26.49184875488281,2024-07-24,194
10.552684691747029,13.042622165709828,21.958802642745447,0.7270551754338652,69.56521739130434,1.5755772686004634,12.947105824397003,-21.626885715484615,23.00394741821288,25.65104888916016,-26.293688201904303,2024-07-25,195
17.067211669286092,20.216905061787042,27.557288221837872,-1.4156759423994867,60.86956521739131,-10.247508618036905,17.427329611864515,-30.32817651367187,24.526857978820765,33.208046875,-39.00919570922852,2024-07-26,196
8.14471285978953,9.794022173064713,26.35531312710844,0.4388761142052575,69.56521739130434,2.61837826569875,9.437529633553456,-9.237578659057618,15.283612617492667,23.972904205322266,-17.52278938293457,2024-07-27,197
15.469977871576944,17.23119249929945,2745.173722228772,0.7568247069766689,73.91304347826086,-8.247535651524862,15.129182087103718,-21.49595641708374,23.25198809814452,26.267258758544923,-33.612738342285155,2024-07-30,200
9.724148677190144,12.19820692300695,15.843855047261918,0.8179691912894643,78.26086956521739,-8.10091757774353,9.119834786612122,-18.59622176361084,4.9661791496276795,10.445837783813477,-30.746406860351556,2024-07-31,201
28.778805665969852,31.552274816660386,38.781756248449774,-2.090964809174997,73.91304347826086,-28.778805665969852,12.935470248367576,-45.38713607788086,-10.204084655761722,-3.042173461914061,-45.50510307312012,2024-08-01,202
14.148941084543864,17.377923654846423,18.63257029868055,0.2873837986083171,82.6086956521739,-7.024424215952556,15.894958162512104,-33.21641780090332,22.87532412719726,24.404041137695316,-41.84674133300781,2024-08-02,203
18.129741973876953,20.298224401759718,77.92405443621416,-0.5598145256796083,78.26086956521739,18.129741973876953,9.128546972264418,6.862968399047851,34.161982055664055,40.2698403930664,5.609836120605472,2024-08-03,204
11.89095186551412,13.91007665847483,2155.976888257762,0.789532071035113,78.26086956521739,1.323830075263977,13.846938527215064,-22.732986534118655,18.44468551635742,19.680425109863283,-28.15520812988281,2024-08-04,205
12.030366144180297,12.97614857402173,48.34632500325327,0.8521029751775531,78.26086956521739,5.117526572545369,11.92440160319914,-12.927052078247065,19.305283325195308,23.191400146484376,-18.3739144897461,2024-08-05,206
15.86848789215088,17.39159721819426,93.41997488771075,0.5106534292193459,73.91304347826086,15.86848789215088,7.117495754586948,6.178912254333497,27.75883380126952,29.142587890624995,1.6919631958007812,2024-08-06,207
18.9685173479716,20.468920571185155,85.59842574909871,-0.27201768952868033,86.95652173913044,18.9685173479716,7.692337679092575,8.731551609039307,29.145700698852536,34.05315673828125,6.627919769287111,2024-08-07,208
14.618875567118328,17.22572168487182,2121.7247851488464,-0.024110004303561583,86.95652173913044,13.886254418691001,10.193008671832274,1.7903121032714848,28.099824188232425,28.212626953125003,-8.791453781127931,2024-08-08,209
20.21277143239975,22.015835693499774,inf,0.5160691460263309,91.30434782608695,10.025221593379975,19.600815117918092,-27.34510031890869,30.05211195373535,31.15939353942871,-28.543260955810553,2024-08-09,210
10.568831292390824,12.52735018079871,261.67265860661354,0.8774677481267938,78.26086956521739,-7.218102341890336,10.238823229959324,-24.29195315551758,7.875275573730467,11.483312377929687,-25.901225128173834,2024-08-10,211
12.104862342278162,15.819013798450506,inf,0.7524725801413772,86.95652173913044,8.91941247820854,13.064657615075308,-10.795385299682616,29.81845184326171,39.973136825561525,-15.979358558654784,2024-08-11,212
26.953206722736358,32.180280829872146,inf,0.4753116325308808,86.95652173913044,-13.532301660378772,29.196699917318508,-56.295167922973626,29.279177215576166,31.439729156494142,-57.29309043884277,2024-08-12,213
28.82037938117981,34.04304051297848,38.860777511201064,-1.3986064232365654,86.95652173913044,-25.3231134001414,22.752330322230137,-60.795046012878416,9.617125366210926,24.443720703124995,-66.18452651977539,2024-08-13,214
12.461087958017986,14.985817974803679,15.418506644844697,0.3001563236328585,60.86956521739131,-10.488101431528728,10.70394640942835,-25.891672996520995,5.667886489868167,6.3632275390625,-31.723390045166013,2024-08-14,215
15.646530596415198,17.800155167697838,21.00115056139939,0.3344650339370493,82.6086956521739,-14.84606952667236,9.820373903438213,-27.384662548065187,1.2413217620849586,7.473777770996094,-31.94692687988281,2024-08-16,217
20.998422854741413,22.49027409562637,30.037760732654416,0.00551425559142571,86.95652173913044,-20.998422854741413,8.054729449824867,-32.567128784179694,-8.748470729827885,-7.892344970703121,-38.19199905395507,2024-08-17,218
11.839877845446267,15.081996190493365,inf,0.8226481602690519,86.95652173913044,5.3371992540359505,14.10605945020701,-10.498360908508296,29.872671585083005,38.67661834716797,-15.378466796875003,2024-08-18,219
17.432740160624185,19.724138928473376,20.36365133575774,-0.020688566918370288,82.6086956521739,-13.007269121805829,14.82742750657158,-32.16694743347168,12.44888439941406,18.334977111816407,-36.24403198242187,2024-08-19,220
32.25720194498698,34.33491408770984,94.04383102818056,-0.9891481661513846,78.26086956521739,32.25720194498698,11.762620800261477,15.010493484497076,50.08995162963866,54.52194244384766,10.7169189453125,2024-08-20,221
24.865307534535727,29.656182872843626,inf,0.3365095472011762,91.30434782608695,19.11269759496053,22.675845590211928,-14.144660079956056,49.29827760314941,52.98847579956055,-14.707949218750002,2024-08-21,222
23.920335477193195,26.472188835467698,inf,0.6059071902236629,78.26086956521739,13.508654721577964,22.766049928651434,-23.02372584533691,33.806077766418454,52.903950195312504,-38.19173187255859,2024-08-22,223
20.441596028804778,24.535135372842365,inf,0.7039006116498209,82.6086956521739,7.339240745703379,23.411715294704656,-29.20772369384766,50.57086027526852,59.76596206665039,-29.50563934326172,2024-08-23,224
22.963186178207398,26.65718095411545,inf,0.3771351429064276,73.91304347826086,11.752991218566896,23.926397427041643,-25.015052818298336,43.377622840881344,54.71108367919922,-25.966108169555667,2024-08-24,225
16.16778804818789,19.27760823145254,3618.3323973108295,0.7751785579462358,86.95652173913044,6.783256695667903,18.044766768402503,-18.593225601196288,30.760311241149903,32.53079559326172,-20.303319244384767,2024-08-25,226
10.775928293863934,13.834940762526868,18.19786800874489,0.7977351701540504,78.26086956521739,-4.504200922648113,13.081198719958483,-31.482969406127932,13.067061416625968,16.99434326171875,-35.44385650634766,2024-08-26,227
12.036677958170571,16.427508549942523,89.49218396175097,0.7950341520142954,95.65217391304348,2.56197504679362,16.22650057831452,-16.989560012817382,32.334027343749995,41.10625991821289,-20.82682861328125,2024-08-27,228
22.474687137603762,26.762366122426673,29.416256978850996,0.20430151349974845,86.95652173913044,-20.424792906443276,17.293122193511365,-43.223316123962405,8.528696876525846,13.839637603759765,-55.42866638183594,2024-08-28,229
18.7929989083608,19.583867966648153,20.28221541545796,0.24603639812328637,86.95652173913044,-18.7929989083608,5.509181115688379,-27.055346813201908,-9.556943664550792,-8.482620086669925,-32.35205368041993,2024-08-29,230
13.141173877716065,15.967042312842132,14.393821350487853,-0.32706915561142846,82.6086956521739,-7.295855147043864,14.202708822384713,-32.07492574310303,12.580927932739252,17.97350891113281,-34.86503479003906,2024-08-30,231
16.32294273376465,19.451623570419645,56.22295654571877,0.6916284651464799,78.26086956521739,-1.621946207682291,19.383883770408094,-25.302870384216302,28.61876712036132,33.11640686035156,-40.25319702148437,2024-08-31,232
13.401633548736571,15.918788011020037,31.167110364019145,0.8305179036876208,78.26086956521739,-10.378485805193584,12.070411928811321,-30.590887847900387,10.091272527694684,20.683116455078125,-36.02271377563477,2024-09-01,233
19.082732607523603,20.83748534592323,18.920777802748347,-0.48569079890543465,82.6086956521739,-18.75851258595785,9.072981930105806,-33.31918790435791,-6.3901692047119205,3.8906402587890625,-34.33706893920899,2024-09-02,234
13.169984149932858,14.671355204861683,12.964141054938013,0.284316471107284,95.65217391304348,-13.169984149932858,6.46530595082238,-24.903278442382806,-2.6910330657959047,-2.1131439208984375,-25.230702819824216,2024-09-03,235
8.57636370340983,11.38582030753597,8.42642232090988,0.48524564819543503,86.95652173913044,-5.169250793457031,10.14474003165396,-21.462487777709963,9.083251525878897,10.392030029296876,-26.41748046875,2024-09-04,236
20.068656565348306,23.10255196943444,26.946033575747258,-0.7238731781338512,82.6086956521739,20.04783467610677,11.480950844765001,0.8407222595214845,35.02700274658201,45.88854309082031,-0.2498626708984375,2024-09-05,237
11.999138196309408,15.320318180489451,18.812705568499265,0.5558545985513677,73.91304347826086,-1.1620528284708656,15.276183501623647,-25.00735675811768,25.825445861816405,27.88695037841797,-29.996105194091797,2024-09-06,238
9.887767844200132,12.846498631483179,276.3053477052176,0.8480263773661844,86.95652173913044,1.0350236527125045,12.804735574271922,-19.23278676605225,26.276713062286355,28.096302947998048,-21.524559326171868,2024-09-07,239
24.53151964187622,30.74742410669618,168.39437978963983,0.25803690487136455,73.91304347826086,19.04698314030965,24.13745062034931,-15.875794326782227,52.21475472259522,66.55765991210937,-23.378465270996088,2024-09-09,241
32.777521979014075,36.24409776155178,inf,-0.4596979339220988,73.91304347826086,32.02688693364461,16.968003297043122,14.999404129028322,64.82838655090328,77.43477630615234,-9.007620544433593,2024-09-10,242
18.328516098658245,22.730169331020953,44.78883270402176,0.45772538290250286,91.30434782608695,-10.565224822362262,20.12552166453893,-40.48019480514526,24.881109348297095,31.10519973754883,-46.69742706298828,2024-09-12,244
13.566205174128214,17.304048989559252,173.98051503995333,0.7320889011078338,86.95652173913044,6.673981129328411,15.965214916136732,-18.48753239440918,33.87241091156005,42.930109100341795,-20.23256988525391,2024-09-13,245
10.849429340759913,13.862082643010371,118.8036730437011,0.7875967581647694,86.95652173913044,-6.116503375768661,12.43968334226639,-22.438357624053953,8.44742047691345,27.60341598510742,-32.645284729003905,2024-09-14,246
10.985697542627653,13.138847650000663,inf,0.6369454424643244,82.6086956521739,8.48821239133676,10.02893653232909,-9.155759664535523,24.039335372924796,26.370413513183593,-12.09609245300293,2024-09-15,247
28.73376727104187,33.2940378601654,inf,0.12026531158342457,52.17391304347826,-2.5843340587615966,33.19358634596225,-49.797196578979495,48.598424880981426,53.0853157043457,-58.27327514648438,2024-09-18,250
19.057972326278687,20.882358119280067,inf,0.6734149524601892,73.91304347826086,-2.7839682992299406,20.695951322196933,-30.321660301208496,32.112660675048815,34.36094665527344,-32.864921264648444,2024-09-19,251
10.083444302082063,12.133081410822655,1860.5252696197037,0.872142045407888,82.6086956521739,-5.135873250166575,10.992473355886457,-22.890873683929442,13.368707773208614,18.125618743896485,-24.9282534790039,2024-09-20,252
11.786482276519143,16.51884830708458,inf,0.5754269863325467,65.21739130434783,3.593417249123256,16.123265856090523,-24.758583839416506,26.59593532562256,39.20134490966797,-40.83113555908203,2024-09-21,253
18.739578510920207,23.294310664023175,7927.638579952425,0.49067827181408274,91.30434782608695,-18.506291341781616,14.147158374921888,-41.79486618804931,0.7033254051208487,1.8239962768554676,-46.887786102294925,2024-09-22,254
18.788145589828492,24.79667062627669,35.261003119393294,0.16167058552606783,69.56521739130434,-1.9754533290863037,24.71785707323058,-37.47258548736572,48.22104484558103,53.985184020996094,-41.561564483642584,2024-09-23,255
10.99340093612671,13.819637349900031,29.35930537847613,0.7800672716891894,78.26086956521739,0.6491392962137853,13.804383168286188,-18.728291999816896,23.148450500488277,26.524623413085937,-20.857587585449224,2024-09-24,256
19.8554390557607,25.457328568082925,inf,-0.36963299746553924,82.6086956521739,13.720836553573607,21.443279182379015,-11.63831143188477,49.755465927124,55.96125183105469,-15.815103988647458,2024-09-25,257
15.104246730804443,16.690616780260445,3534.9644551197025,0.4113063015098215,78.26086956521739,15.104246730804443,7.102001070155845,5.572601394653318,26.828233722686765,33.74748504638672,2.647816772460935,2024-09-26,258
21.003360629081726,22.911420422195544,inf,-0.14254359574569753,82.6086956521739,21.003360629081726,9.153798558376662,6.239504373550414,33.66574948120116,46.43694488525391,1.678266906738287,2024-09-27,259
17.94140165110429,21.51683965598445,inf,-0.19480077807109408,69.56521739130434,-2.909102794528008,21.31927554379404,-37.75401127195358,29.999038925170897,38.72821624755859,-42.0703098487854,2024-09-29,261
45.58274125417074,48.73712088163783,14238.755758944237,-0.6177546242880434,78.26086956521739,-34.70560758590698,34.21736041725624,-71.3799648361206,38.25547488403318,42.28203506469727,-88.7343992614746,2024-10-01,263
21.039654026031496,23.73137372674909,26.0374457817404,-0.1041620443365785,86.95652173913044,-18.272969760894778,15.14188479272188,-45.116068901062015,12.022024749755822,18.451766967773438,-47.70376983642578,2024-10-02,264
19.770081125895185,22.690132703648917,2425.304399493667,0.4365953446967731,86.95652173913044,1.0305949529012042,22.66671560134491,-32.97238598632812,32.82233607482908,39.21923416137695,-34.4123031616211,2024-10-05,267
21.33805966059367,25.533547022055608,62.04502085452576,-0.06542634472646736,69.56521739130434,18.135975259145102,17.973547922633458,-8.303911621093752,41.813873107910155,49.33454711914062,-23.085075683593743,2024-10-07,269
30.56798540751139,35.688219274242755,inf,-0.6373782746444181,73.91304347826086,30.56798540751139,18.418666159431915,2.6529736480712836,60.37306414794922,67.48733734130859,0.8687170410156284,2024-10-08,270
38.53956367015839,45.49416140108121,44.676572573560804,-1.5764719072113063,82.6086956521739,-38.53956367015839,24.17479583577564,-84.08203527069091,-8.943502067565923,-0.755482788085942,-90.37159179687501,2024-10-11,273
22.10687589009603,26.279901506130575,inf,-0.004572778636952046,78.26086956521739,18.890137710571288,18.270082661213564,-9.759106014251705,44.43995441436767,45.22679977416992,-19.310131301879885,2024-10-13,275
40.698186000188194,44.687334195793156,42.180558322554646,-0.9359858432490729,69.56521739130434,-40.657770249048866,18.5446368500993,-68.4088013458252,-2.6209922409057778,0.4849890136718784,-74.10537780761717,2024-10-14,276
23.97507777531942,30.26418245220699,56.21102208158383,-0.4493150025305328,82.6086956521739,15.008124548594159,26.280733190578207,-20.553433372497558,53.91833985900878,70.53811218261718,-29.11962707519531,2024-10-15,277
29.731306559244796,32.81721377644785,447.45961729468826,-0.8490175837474119,86.95652173913044,29.731306559244796,13.89312529020329,6.485298873901364,49.451409400939944,54.13344970703125,2.2679116821289114,2024-10-16,278
22.90988210678101,26.68942057118489,55.217927027906995,-0.1288566010826213,69.56521739130434,-18.952042706807454,18.792159207098408,-42.003477733612065,12.968646366119383,19.632012023925782,-53.2989429473877,2024-10-17,279
14.138763748804728,18.310251817565646,23.721352582069457,0.5424219584962837,82.6086956521739,-9.84766847928365,15.43660413254124,-31.402199501037597,9.937571865081779,23.57090316772461,-52.31621307373047,2024-10-18,280
10.521951638857523,13.941977112681704,49.706778967123796,0.5338346574572643,65.21739130434783,1.3291458972295118,13.878476032850955,-22.762144927978515,20.00346096801757,33.073822021484375,-29.807195739746092,2024-10-19,281
22.534886033535003,26.961493221578014,inf,-3.885187152297096,65.21739130434783,21.820637255509695,15.836095052147783,5.176873954772949,47.52253641510008,59.92233444213867,-8.57098533630371,2024-10-20,282
18.144871711730953,20.4317121031303,21.819689469424265,0.33631366704223176,73.91304347826086,-18.08324337005615,9.510581931959866,-31.04295637512207,-4.915509338378906,0.7395401000976562,-34.94116638183594,2024-10-22,284
13.293888333638511,15.574392167603381,16.027686805643935,0.6502632495469198,82.6086956521739,-12.322871322631835,9.524102779588397,-28.637326324462897,3.6618088760375818,7.218533172607422,-34.741665649414074,2024-10-23,285
10.228649355570475,12.441545248740628,19.144886149907915,0.7238276940188355,95.65217391304348,9.128716837565104,8.453317518939878,-3.377240051269531,23.678023033142082,24.851657714843753,-4.456813812255859,2024-10-24,286
10.863978996276856,13.416960187325593,22.424813362893815,0.5528239278531888,78.26086956521739,3.0814234797159834,13.05831727317632,-11.733067390441889,21.961673011779787,37.67544677734375,-13.1048583984375,2024-10-25,287
19.184955673217775,21.9281004516124,33.99407384785113,-0.9208499601789963,73.91304347826086,-18.767335001627604,11.341460503510449,-40.42007843780517,-3.0883511428833073,5.011448059082028,-46.51779037475586,2024-10-26,288
37.79504047393799,40.56239804269301,52.169787046238724,-1.737882968701304,56.52173913043478,-37.79504047393799,14.725591687509729,-59.9425862045288,-14.723830547332776,-12.080134887695309,-61.76883483886719,2024-10-27,289
13.08687297185262,16.539951214509024,19.740105954088072,0.6507464303303799,78.26086956521739,7.759501043955486,14.606852149836813,-15.339590270996085,27.789369674682604,34.60069152832031,-34.31720733642578,2024-10-28,290
13.84046635945638,18.10654661984393,14.670866173927744,0.5581838960003425,82.6086956521739,-6.09707820892334,17.049125133298006,-32.945689559936525,13.768156738281249,15.310714721679688,-37.395544433593756,2024-10-29,291
9.654019927978515,11.512079110196286,13.318868989822406,0.7941233512053831,60.86956521739131,1.05125197092692,11.463979881918844,-18.614661582946777,16.109305282592775,20.026615905761716,-21.54183746337891,2024-10-30,292
20.771625035603844,22.12330554571655,22.409031032822433,-0.4538061155278277,91.30434782608695,-20.575484364827474,8.129581257474024,-30.686172454833983,-4.632769515991213,2.3536880493164034,-31.782757568359372,2024-10-31,293
15.183228537241618,17.894254341348198,22.35804037553233,0.3369162970973836,82.6086956521739,5.377496178944905,17.067128442661108,-17.21517451477051,30.966059875488277,33.69562316894531,-21.197984008789064,2024-11-01,294
12.32202402750651,15.02148268815421,17.54988614522752,0.6241453671326908,78.26086956521739,-6.775341949462892,13.40670293615716,-25.98597333526611,15.53754877471922,26.565724487304685,-26.550048522949226,2024-11-03,296
17.066165466308593,20.649995668503372,15.442241182025313,-0.05601872067301894,69.56521739130434,-17.054879709879557,11.642740192529708,-36.33694702148438,-2.1485693817138687,0.13542907714844432,-37.13295593261719,2024-11-04,297
11.86229517618815,17.607253724306016,8.980554056565476,0.611233453053055,82.6086956521739,-11.585380249023437,13.258746102012276,-43.269270324707016,0.49658146667480285,2.7112619018554653,-50.143890380859375,2024-11-05,298
8.734110577901204,10.823699199534966,7.86690291832262,0.7148373965480036,82.6086956521739,-6.935655860900879,8.309581345721645,-19.91945783996582,4.4493504333496015,10.857264709472659,-26.836652526855474,2024-11-06,299
4.769386393229167,6.101376761915568,4.536416710970998,0.8769247657364173,82.6086956521739,0.6036618804931629,6.071440580692753,-7.083265487670905,8.272700180053713,16.574111938476562,-12.436893615722653,2024-11-07,300
9.521339492797852,11.5277254939238,8.365153995451967,0.26351963347290974,82.6086956521739,-7.921771316528321,8.374604126279038,-21.29366018676758,3.52251913452149,11.649566040039062,-22.715100097656247,2024-11-08,301
12.645313707987468,13.453799819872467,11.586066531751305,-0.5964486329137051,78.26086956521739,-12.645313707987468,4.593557534175955,-19.835885223388676,-4.578324981689456,-3.821928100585936,-20.74615112304687,2024-11-09,302
7.844584439595539,10.249746571000166,7.455541827178452,0.16241418338486213,65.21739130434783,-4.2923367436726885,9.307693057285839,-21.137563812255856,6.610275177001951,7.438580322265622,-23.400361938476564,2024-11-10,303
11.396960906982422,14.165842333552304,11.545622489256836,-0.48954033641506034,60.86956521739131,9.315061543782553,10.672427908147515,-5.271661071777342,27.16477632141113,28.547407531738287,-11.69316162109375,2024-11-11,304
10.443362719217937,15.952534353206506,16.235951587824125,0.6171577148483118,82.6086956521739,1.606912854512532,15.87139512986291,-15.809537414550777,32.925986358642554,50.68567443847657,-22.87440673828125,2024-11-12,305
16.920323479970296,20.566328070358164,13.42911957013654,0.1959848008967976,78.26086956521739,-16.920323479970296,11.690872663354437,-37.262737693786626,-2.1184212951660144,-0.6065518188476631,-38.93449188232421,2024-11-13,306
10.86589921315511,15.398873563246122,8.605096059543733,-0.08759232261416416,69.56521739130434,-9.705167172749837,11.955544201993455,-34.472979217529286,3.5073601684570184,5.038487854003904,-36.010835266113276,2024-11-15,308
8.772342249552409,10.697399837580557,8.42012442561075,0.24891590452339274,82.6086956521739,8.221093241373698,6.844559094763389,-2.3767352752685547,19.926492507934572,20.91579406738282,-2.56121826171875,2024-11-16,309
11.895115025838217,15.019813120132891,16.3702214858342,0.512679343734658,78.26086956521739,7.371299870808919,13.086585665418179,-10.517321777343748,28.42224545288085,34.49472351074219,-16.627047119140627,2024-11-17,310
21.7541345278422,24.411858948913785,19.07737339357281,0.18345255137888594,69.56521739130434,-21.00317267735799,12.442089648718369,-34.80639112854004,-0.07973390960694382,8.475338134765622,-49.2373046875,2024-11-18,311
29.94348985036214,34.68199622353964,190.4491973573587,0.02301570278458598,69.56521739130434,28.723984082539875,19.43639885564232,9.060825286865235,68.46369325256347,73.3763818359375,-14.634069213867193,2024-11-19,312
17.28892874399821,20.21839188700694,16.291328478337345,0.10506970722733089,86.95652173913044,-16.461821530659993,11.738475300876479,-32.67797550964356,1.6698478240966783,7.736589660644526,-34.56877624511719,2024-11-20,313
7.5604919433593745,9.437131840520388,6.478122756190335,0.6612076230682387,78.26086956521739,0.0033794148763005203,9.43713123544008,-15.454686172485351,15.778078216552723,16.370462646484384,-16.21527862548828,2024-11-21,314
7.745555674235026,11.149069584310581,6.949799040392783,0.6151350966100323,78.26086956521739,-3.825531285603841,10.472204303711111,-27.549900482177737,10.07477731323241,11.801617126464848,-28.994735107421874,2024-11-22,315
38.95479361216227,43.85900922431741,96.44761076342301,-2.035014409369432,82.6086956521739,31.78957111358643,30.21648322609684,-17.053337631225585,74.79228700256346,82.53263610839844,-22.135337829589844,2024-11-23,316
29.61687644958496,32.88276710301844,24.607381362737527,-0.7399211203827838,73.91304347826086,-29.304310760498044,14.91756492204777,-49.20925970458985,-3.3955840759277525,3.750788269042971,-49.511206054687506,2024-11-26,319
31.97891133626302,34.66377320209702,57.49073447207558,-0.9178896124666152,78.26086956521739,31.97891133626302,13.376337404306454,16.400694061279292,56.46235607910156,66.2105078125,14.695875244140623,2024-11-27,320
29.55125993728638,31.817338642784566,26.145643647180954,-0.1967072506074965,82.6086956521739,-28.809103666941326,13.504761538696636,-42.348221267700204,-5.841034515380868,8.905875244140624,-44.283276672363286,2024-11-28,321
9.269723981221517,11.573985264304277,8.621883775413568,0.43279296162926606,82.6086956521739,-1.6624392318725583,11.453970084589166,-16.961755661010745,10.07058894348144,18.914159240722654,-33.43100646972657,2024-11-29,322
12.415192120869955,15.057106660465905,11.53480181036824,0.0574151540245601,78.26086956521739,-9.834295921325682,11.40188952395364,-25.657142898559567,7.59504002380371,9.72096984863282,-27.741653442382812,2024-11-30,323
12.517810300191243,14.274803337242306,14.12162008816692,-0.24989671546226222,82.6086956521739,-1.4737783940633136,14.198520611744598,-22.84405667877197,19.78833251953124,24.483280334472653,-28.086257171630862,2024-12-01,324
18.64557399749756,22.768453672724032,25.22683354776296,0.4225840398885966,73.91304347826086,-2.265629844665528,22.655449764989026,-25.730854888916017,43.94246742248532,56.454851989746096,-27.92717193603515,2024-12-02,325
31.352178058624265,33.21911833308055,22.28668075424514,-0.3703878844944333,82.6086956521739,-31.352178058624265,10.97956072926087,-48.39918685913086,-15.878698852539076,-13.30958984374999,-64.15717529296876,2024-12-03,326
15.070590387980142,22.838207227499886,9.244032186892392,0.4799139704544162,69.56521739130434,-14.176129506429035,17.90589460438043,-56.89848754882813,3.9236703643798747,5.513486938476561,-65.70914611816406,2024-12-04,327
31.545008366902668,35.39773497656727,42.56015372258171,-0.9720389770531717,86.95652173913044,25.62878214518229,24.41649375373293,-18.47739169311523,53.7306756439209,80.09743041992188,-22.17128448486328,2024-12-05,328
26.928064956665043,33.59894482426697,106.50675481067418,0.3786955608807395,82.6086956521739,1.0731744130452476,33.58180147019099,-37.5246746673584,63.626718505859365,65.70803253173828,-39.6779281616211,2024-12-06,329
43.043119713465366,46.47959282862514,128.74699343422432,-7.6892255641686695,65.21739130434783,32.591788937250776,33.138012061445075,-39.55583409500122,68.23808010864258,78.39547119140624,-49.250276184082026,2024-12-07,330
13.29474733352661,17.459979396054244,93.22259881248584,0.43971346174348414,47.82608695652174,7.302684275309244,15.859435137664576,-11.079273452758787,34.14375532531738,42.746026611328126,-17.702881240844725,2024-12-08,331
18.453491643269857,25.317631066099445,86.83025941232708,0.5531958625787041,82.6086956521739,17.224221522013348,18.555555388070065,-5.427015411376948,51.05903550720214,60.05994445800781,-7.854877929687504,2024-12-09,332
27.47117343902588,29.49970132206026,21.51446622613641,-0.199542469993383,95.65217391304348,-27.47117343902588,10.750209671151675,-52.48987867736817,-14.64415774536133,-14.586869812011713,-54.53004455566406,2024-12-10,333
45.024855499267574,56.75067343554974,24.176964844479183,-0.15196040023519708,86.95652173913044,-45.024855499267574,34.54564115280661,-110.60488778686523,-14.904485855102543,-12.470088195800784,-129.379150390625,2024-12-11,334
28.58852273305257,37.889644396721195,14.35206124063049,0.47910005420947444,78.26086956521739,-19.814072303771972,32.295939237787806,-72.76599426269532,20.918216369628908,21.74961486816406,-101.60608764648435,2024-12-13,336
34.9573224512736,41.182730825647475,31.227210358014123,-13.659180311285994,78.26086956521739,32.29737074534098,25.551852402433113,-9.909892196655273,59.61257989501953,61.054131469726556,-15.031752624511725,2024-12-14,337
27.112947731018068,28.96354223951385,53.670390835752166,-1.621046576335678,73.91304347826086,27.112947731018068,10.18699388412426,14.539866256713868,42.35963973999023,57.759853515625,11.843365783691404,2024-12-15,338
19.97354434967041,30.208517852216737,108.73131079361123,0.37108426889873614,78.26086956521739,16.0082562383016,25.61816314720037,-6.949835433959959,60.34866914367675,63.47997161865234,-22.6209701538086,2024-12-16,339
9.158600215911866,10.873188768910715,9.85865161914226,0.8060619050167994,73.91304347826086,-5.023559741973878,9.643136498213924,-18.705530960083014,10.870783340454086,13.305817871093751,-22.693763427734382,2024-12-17,340
32.78902015050252,35.175181252647114,99.84365077432047,-1.2564668058672126,78.26086956521739,32.78902015050252,12.734737285335584,19.202442352294916,52.28912539672851,58.43025512695313,2.7309324645996114,2024-12-18,341
14.871273158391318,19.810130603949645,118.34009358809953,0.6089189151766046,86.95652173913044,13.63626181602478,14.369886507219425,-3.840450576782231,37.782617439270005,49.401145935058594,-8.214421997070318,2024-12-19,342
15.906519034703573,19.125995405098752,19.746332297884237,0.6394829665447683,82.6086956521739,-13.716310764948526,13.32916048501239,-34.110927978515626,4.5060636749267555,16.633630676269533,-36.12353149414062,2024-12-20,343
32.23362520535787,35.2321872501277,113.48406595550567,-8.951512054204379,82.6086956521739,32.23362520535787,14.223235375559913,8.70964077758789,48.39574906921386,48.961317443847655,7.16982467651367,2024-12-21,344
9.483588185310364,11.54536169404348,60.85314292479058,0.7068529311923842,69.56521739130434,3.8102314678827924,10.89850965992334,-16.22955545043945,18.591087394714354,26.67891159057617,-17.314156951904295,2024-12-22,345
20.153014809290568,25.379114946254486,78.1872163797295,0.5655400278071304,65.21739130434783,-5.149217004776001,24.851258312063866,-45.87545579528808,26.636686447143543,41.82047729492187,-56.40946411132812,2024-12-23,346
35.53237717628479,40.82788669535228,35.110462018743654,-5.9955413829014965,65.21739130434783,-35.05001877784729,20.938302597896413,-62.65819619750976,-0.44818402099610766,5.347568359375003,-63.29199615478515,2024-12-24,347
11.407036857604979,14.251809316291252,11.455273197089955,-0.07397371413847176,78.26086956521739,-9.96194433848063,10.191846436487348,-25.327596191406244,3.976112808227541,7.117608947753908,-28.271951599121095,2024-12-25,348
18.042374432881676,18.485324682959135,16.214382587661305,-0.6852878835515053,86.95652173913044,-18.042374432881676,4.022431286935278,-24.302912155151365,-10.478108291625976,-9.754050292968756,-25.79415618896485,2024-12-26,349
8.754269701639812,11.313954947506316,6.798157170878848,0.49208827941976463,73.91304347826086,-8.624126091003419,7.323252400448638,-21.841968185424808,0.24722978210449284,1.2115454101562477,-27.186254882812506,2024-12-27,350
7.00539633433024,8.38646458829891,6.369425121215136,0.3911814404531525,82.6086956521739,-6.244788093566894,5.597804029906438,-14.16534921264648,3.122652038574212,3.8718505859374943,-18.02969635009765,2024-12-29,352
12.095317001342773,13.69881925369547,10.882720012766082,0.303457771510964,78.26086956521739,4.927776667277018,12.781809968187522,-16.779788589477544,19.44599772644043,21.770196228027345,-26.903811645507815,2024-12-30,353
