iteration,date,buy_hour,sell_hour,buy_price_pred,sell_price_pred,buy_price_actual,sell_price_actual,pnl,volume_mwh,cumulative_pnl
2,2024-01-14,2024-01-14 13:00:00,2024-01-14 18:00:00,54.0163,117.51626,79.15,92.01,12.86,1,12.86
3,2024-01-15,2024-01-15 03:00:00,2024-01-15 17:00:00,76.04729,132.98035,62.1,112.85,50.74999999999999,1,63.60999999999999
4,2024-01-16,2024-01-16 02:00:00,2024-01-16 18:00:00,71.91505,136.1521,78.65,116.92,38.269999999999996,1,101.88
5,2024-01-17,2024-01-17 03:00:00,2024-01-17 08:00:00,83.77825,148.3588,69.9,106.24,36.33999999999999,1,138.21999999999997
6,2024-01-18,2024-01-18 01:00:00,2024-01-18 17:00:00,68.95307,121.80737,70.54,103.71,33.16999999999999,1,171.38999999999996
7,2024-01-19,2024-01-19 03:00:00,2024-01-19 17:00:00,61.17627,113.691055,63.32,95.62,32.300000000000004,1,203.68999999999997
8,2024-01-20,2024-01-20 12:00:00,2024-01-20 17:00:00,41.305565,85.92337,69.84,99.94,30.099999999999994,1,233.78999999999996
9,2024-01-21,2024-01-21 03:00:00,2024-01-21 17:00:00,40.33153,92.618385,48.91,77.19,28.28,1,262.06999999999994
10,2024-01-22,2024-01-22 02:00:00,2024-01-22 17:00:00,55.21864,101.23964,15.08,89.87,74.79,1,336.85999999999996
11,2024-01-23,2024-01-23 00:00:00,2024-01-23 07:00:00,49.20428,107.52322,15.33,86.5,71.17,1,408.03
12,2024-01-24,2024-01-24 23:00:00,2024-01-24 07:00:00,43.200527,99.034164,62.78,67.58,4.799999999999997,1,412.83
13,2024-01-25,2024-01-25 02:00:00,2024-01-25 18:00:00,19.357454,96.959305,55.36,96.11,40.75,1,453.58
14,2024-01-26,2024-01-26 02:00:00,2024-01-26 07:00:00,62.002945,109.62205,52.99,80.45,27.46,1,481.03999999999996
16,2024-01-28,2024-01-28 13:00:00,2024-01-28 17:00:00,21.185837,84.06381,40.09,73.34,33.25,1,514.29
17,2024-01-29,2024-01-29 03:00:00,2024-01-29 17:00:00,47.51758,89.62408,51.58,110.0,58.42,1,572.7099999999999
18,2024-01-30,2024-01-30 23:00:00,2024-01-30 17:00:00,64.02258,110.768486,74.09,99.76,25.67,1,598.3799999999999
19,2024-01-31,2024-01-31 02:00:00,2024-01-31 18:00:00,48.45794,104.10404,69.82,80.72,10.900000000000006,1,609.2799999999999
20,2024-02-01,2024-02-01 13:00:00,2024-02-01 07:00:00,60.31073,109.84799,71.62,95.76,24.14,1,633.4199999999998
21,2024-02-02,2024-02-02 01:00:00,2024-02-02 17:00:00,48.900448,101.38657,58.0,80.16,22.159999999999997,1,655.5799999999998
22,2024-02-03,2024-02-03 12:00:00,2024-02-03 18:00:00,33.497166,73.79585,39.81,77.05,37.239999999999995,1,692.8199999999998
23,2024-02-04,2024-02-04 02:00:00,2024-02-04 18:00:00,22.539865,80.48781,3.47,69.99,66.52,1,759.3399999999998
24,2024-02-05,2024-02-05 02:00:00,2024-02-05 17:00:00,46.574608,100.22388,2.71,89.13,86.42,1,845.7599999999998
25,2024-02-06,2024-02-06 03:00:00,2024-02-06 17:00:00,33.259193,94.14373,7.1,78.77,71.67,1,917.4299999999997
26,2024-02-07,2024-02-07 03:00:00,2024-02-07 18:00:00,34.741573,87.74035,16.02,92.09,76.07000000000001,1,993.4999999999998
27,2024-02-08,2024-02-08 03:00:00,2024-02-08 18:00:00,36.302017,95.265785,45.75,61.09,15.340000000000003,1,1008.8399999999998
29,2024-02-10,2024-02-10 03:00:00,2024-02-10 18:00:00,15.050772,76.07117,64.41,82.46,18.049999999999997,1,1026.8899999999999
30,2024-02-11,2024-02-11 12:00:00,2024-02-11 17:00:00,37.839123,74.60437,44.47,83.56,39.09,1,1065.9799999999998
31,2024-02-12,2024-02-12 03:00:00,2024-02-12 17:00:00,54.35818,95.8869,59.21,96.0,36.79,1,1102.7699999999998
32,2024-02-13,2024-02-13 01:00:00,2024-02-13 07:00:00,50.05783,100.4613,63.41,89.12,25.710000000000008,1,1128.4799999999998
33,2024-02-14,2024-02-14 03:00:00,2024-02-14 17:00:00,49.6721,96.11472,55.06,88.11,33.05,1,1161.5299999999997
34,2024-02-15,2024-02-15 04:00:00,2024-02-15 17:00:00,56.128788,91.93282,43.79,69.13,25.339999999999996,1,1186.8699999999997
35,2024-02-16,2024-02-16 12:00:00,2024-02-16 07:00:00,49.612183,82.18307,54.27,70.5,16.229999999999997,1,1203.0999999999997
36,2024-02-17,2024-02-17 13:00:00,2024-02-17 18:00:00,48.07784,72.92429,58.96,82.93,23.970000000000006,1,1227.0699999999997
37,2024-02-18,2024-02-18 13:00:00,2024-02-18 18:00:00,42.754654,76.47254,33.2,66.99,33.78999999999999,1,1260.8599999999997
38,2024-02-19,2024-02-19 02:00:00,2024-02-19 18:00:00,62.671593,85.62573,43.91,80.24,36.33,1,1297.1899999999996
39,2024-02-20,2024-02-20 02:00:00,2024-02-20 07:00:00,58.950012,90.02766,53.66,81.47,27.810000000000002,1,1324.9999999999995
40,2024-02-21,2024-02-21 04:00:00,2024-02-21 07:00:00,56.936726,75.77382,50.35,76.7,26.35,1,1351.3499999999995
42,2024-02-23,2024-02-23 12:00:00,2024-02-23 19:00:00,51.307083,74.35229,36.33,72.97,36.64,1,1387.9899999999996
43,2024-02-24,2024-02-24 03:00:00,2024-02-24 17:00:00,42.053432,78.23779,55.39,68.16,12.769999999999996,1,1400.7599999999995
44,2024-02-25,2024-02-25 12:00:00,2024-02-25 18:00:00,37.306976,69.05819,46.03,76.28,30.25,1,1431.0099999999995
45,2024-02-26,2024-02-26 03:00:00,2024-02-26 18:00:00,52.271347,80.65414,52.46,81.55,29.089999999999996,1,1460.0999999999995
46,2024-02-27,2024-02-27 00:00:00,2024-02-27 17:00:00,59.13424,82.97522,57.55,96.67,39.120000000000005,1,1499.2199999999993
47,2024-02-28,2024-02-28 02:00:00,2024-02-28 18:00:00,57.50528,95.98104,63.46,79.0,15.54,1,1514.7599999999993
48,2024-02-29,2024-02-29 13:00:00,2024-02-29 07:00:00,53.206005,101.20122,58.18,74.95,16.770000000000003,1,1531.5299999999993
49,2024-03-01,2024-03-01 02:00:00,2024-03-01 18:00:00,49.842247,86.53369,57.83,87.19,29.36,1,1560.8899999999992
50,2024-03-02,2024-03-02 03:00:00,2024-03-02 18:00:00,52.072853,75.64874,54.88,89.9,35.02,1,1595.9099999999992
51,2024-03-03,2024-03-03 13:00:00,2024-03-03 17:00:00,49.151844,86.59616,46.84,78.53,31.689999999999998,1,1627.5999999999992
52,2024-03-04,2024-03-04 00:00:00,2024-03-04 18:00:00,55.965866,90.376854,67.9,99.13,31.22999999999999,1,1658.8299999999992
53,2024-03-05,2024-03-05 13:00:00,2024-03-05 17:00:00,62.568626,101.46098,69.85,104.66,34.81,1,1693.6399999999992
54,2024-03-06,2024-03-06 02:00:00,2024-03-06 18:00:00,62.15718,116.411125,69.74,119.27,49.53,1,1743.1699999999992
55,2024-03-07,2024-03-07 01:00:00,2024-03-07 18:00:00,60.22937,113.316696,70.34,89.57,19.22999999999999,1,1762.3999999999992
56,2024-03-08,2024-03-08 12:00:00,2024-03-08 06:00:00,59.815346,98.19726,29.07,94.66,65.59,1,1827.989999999999
58,2024-03-10,2024-03-10 12:00:00,2024-03-10 17:00:00,32.786724,77.262024,45.26,79.54,34.28000000000001,1,1862.269999999999
59,2024-03-11,2024-03-11 03:00:00,2024-03-11 18:00:00,57.942417,86.198166,52.22,107.93,55.71000000000001,1,1917.979999999999
60,2024-03-12,2024-03-12 03:00:00,2024-03-12 18:00:00,58.84124,101.750374,61.85,98.99,37.13999999999999,1,1955.1199999999992
61,2024-03-13,2024-03-13 23:00:00,2024-03-13 07:00:00,60.46659,98.64738,63.29,88.66,25.369999999999997,1,1980.489999999999
62,2024-03-14,2024-03-14 03:00:00,2024-03-14 18:00:00,54.122227,94.275024,48.53,85.82,37.28999999999999,1,2017.779999999999
63,2024-03-15,2024-03-15 11:00:00,2024-03-15 18:00:00,45.89914,89.79151,30.56,88.01,57.45,1,2075.229999999999
64,2024-03-16,2024-03-16 13:00:00,2024-03-16 18:00:00,33.702282,82.38467,15.9,92.37,76.47,1,2151.699999999999
65,2024-03-17,2024-03-17 11:00:00,2024-03-17 18:00:00,40.10101,88.67254,37.71,79.96,42.24999999999999,1,2193.949999999999
66,2024-03-18,2024-03-18 03:00:00,2024-03-18 18:00:00,47.578987,103.43021,46.03,125.16,79.13,1,2273.079999999999
67,2024-03-19,2024-03-19 14:00:00,2024-03-19 18:00:00,44.569065,104.08324,38.07,128.96,90.89000000000001,1,2363.969999999999
68,2024-03-20,2024-03-20 13:00:00,2024-03-20 18:00:00,49.179,114.95154,27.28,124.69,97.41,1,2461.3799999999987
69,2024-03-21,2024-03-21 11:00:00,2024-03-21 18:00:00,37.6104,119.234604,43.08,108.7,65.62,1,2526.9999999999986
70,2024-03-22,2024-03-22 13:00:00,2024-03-22 18:00:00,23.13395,100.50864,32.37,74.73,42.36000000000001,1,2569.3599999999988
71,2024-03-23,2024-03-23 12:00:00,2024-03-23 19:00:00,8.064729,72.53428,-1.88,37.06,38.940000000000005,1,2608.299999999999
73,2024-03-25,2024-03-25 00:00:00,2024-03-25 18:00:00,17.844746,74.216995,42.85,106.19,63.339999999999996,1,2671.639999999999
74,2024-03-26,2024-03-26 01:00:00,2024-03-26 18:00:00,40.64905,99.13864,26.14,100.3,74.16,1,2745.799999999999
75,2024-03-27,2024-03-27 00:00:00,2024-03-27 18:00:00,35.766308,100.2642,57.09,95.41,38.31999999999999,1,2784.119999999999
76,2024-03-28,2024-03-28 14:00:00,2024-03-28 18:00:00,39.46037,82.93457,5.57,59.87,54.3,1,2838.419999999999
77,2024-03-29,2024-03-29 14:00:00,2024-03-29 18:00:00,5.4626765,57.694004,19.61,105.5,85.89,1,2924.309999999999
78,2024-03-30,2024-03-30 12:00:00,2024-03-30 18:00:00,7.71908,79.409424,9.93,94.24,84.31,1,3008.619999999999
79,2024-03-31,2024-03-31 13:00:00,2024-03-31 18:00:00,8.323855,70.924904,10.88,31.62,20.740000000000002,1,3029.3599999999988
84,2024-04-05,2024-04-05 13:00:00,2024-04-05 19:00:00,29.959671,75.497955,-0.05,5.14,5.1899999999999995,1,3034.549999999999
89,2024-04-10,2024-04-10 12:00:00,2024-04-10 19:00:00,12.488929,46.65672,23.37,34.45,11.080000000000002,1,3045.6299999999987
91,2024-04-12,2024-04-12 12:00:00,2024-04-12 06:00:00,4.6078596,42.64416,-0.09,74.04,74.13000000000001,1,3119.759999999999
92,2024-04-13,2024-04-13 13:00:00,2024-04-13 19:00:00,-4.6364813,42.22282,-49.91,33.82,83.72999999999999,1,3203.489999999999
93,2024-04-14,2024-04-14 13:00:00,2024-04-14 18:00:00,-19.648191,31.62807,-39.89,18.41,58.3,1,3261.789999999999
96,2024-04-17,2024-04-17 01:00:00,2024-04-17 06:00:00,15.528603,59.712925,4.84,101.53,96.69,1,3358.479999999999
97,2024-04-18,2024-04-18 13:00:00,2024-04-18 19:00:00,4.203863,88.13609,12.23,95.07,82.83999999999999,1,3441.3199999999993
100,2024-04-21,2024-04-21 13:00:00,2024-04-21 21:00:00,-11.337511,49.92975,-1.5,27.65,29.15,1,3470.4699999999993
101,2024-04-22,2024-04-22 09:00:00,2024-04-22 23:00:00,4.7129602,54.1536,14.64,86.69,72.05,1,3542.5199999999995
102,2024-04-23,2024-04-23 12:00:00,2024-04-23 06:00:00,25.991909,96.46687,78.62,136.28,57.66,1,3600.1799999999994
103,2024-04-24,2024-04-24 13:00:00,2024-04-24 06:00:00,66.432014,132.3063,34.24,107.62,73.38,1,3673.5599999999995
104,2024-04-25,2024-04-25 14:00:00,2024-04-25 06:00:00,38.831985,112.65717,61.19,105.05,43.86,1,3717.4199999999996
105,2024-04-26,2024-04-26 12:00:00,2024-04-26 19:00:00,52.377014,101.16483,65.37,96.06,30.689999999999998,1,3748.1099999999997
107,2024-04-28,2024-04-28 13:00:00,2024-04-28 19:00:00,3.0585277,71.83297,-52.43,78.56,130.99,1,3879.0999999999995
108,2024-04-29,2024-04-29 02:00:00,2024-04-29 19:00:00,40.80421,120.84788,56.0,97.92,41.92,1,3921.0199999999995
109,2024-04-30,2024-04-30 13:00:00,2024-04-30 06:00:00,47.74419,88.33194,19.14,84.41,65.27,1,3986.2899999999995
111,2024-05-02,2024-05-02 12:00:00,2024-05-02 06:00:00,8.390543,58.06253,0.0,35.0,35.0,1,4021.2899999999995
112,2024-05-03,2024-05-03 12:00:00,2024-05-03 19:00:00,2.7645674,51.67422,13.39,66.52,53.129999999999995,1,4074.4199999999996
113,2024-05-04,2024-05-04 13:00:00,2024-05-04 19:00:00,-20.290644,50.88236,25.22,35.01,9.79,1,4084.2099999999996
114,2024-05-05,2024-05-05 12:00:00,2024-05-05 21:00:00,1.2260839,49.731815,-0.97,58.48,59.449999999999996,1,4143.66
115,2024-05-06,2024-05-06 14:00:00,2024-05-06 22:00:00,15.801262,67.93515,52.88,81.73,28.85,1,4172.51
116,2024-05-07,2024-05-07 13:00:00,2024-05-07 06:00:00,48.567703,91.777916,30.88,112.66,81.78,1,4254.29
117,2024-05-08,2024-05-08 12:00:00,2024-05-08 05:00:00,31.925402,82.75814,6.14,35.01,28.869999999999997,1,4283.16
118,2024-05-09,2024-05-09 13:00:00,2024-05-09 21:00:00,11.179143,64.92308,-0.01,32.12,32.129999999999995,1,4315.29
120,2024-05-11,2024-05-11 12:00:00,2024-05-11 21:00:00,-3.21994,44.63135,-18.79,41.46,60.25,1,4375.54
121,2024-05-12,2024-05-12 10:00:00,2024-05-12 18:00:00,-1.0478609,48.58206,-27.61,39.53,67.14,1,4442.68
122,2024-05-13,2024-05-13 11:00:00,2024-05-13 20:00:00,26.769264,74.969986,-0.03,39.68,39.71,1,4482.39
124,2024-05-15,2024-05-15 12:00:00,2024-05-15 05:00:00,6.5905437,54.567703,2.85,34.56,31.71,1,4514.1
125,2024-05-16,2024-05-16 13:00:00,2024-05-16 19:00:00,-1.2840003,54.04307,6.93,78.66,71.72999999999999,1,4585.83
126,2024-05-17,2024-05-17 12:00:00,2024-05-17 20:00:00,-3.4099703,68.02115,16.84,89.4,72.56,1,4658.39
127,2024-05-18,2024-05-18 13:00:00,2024-05-18 20:00:00,-4.9677353,73.01313,-1.78,74.46,76.24,1,4734.63
128,2024-05-19,2024-05-19 12:00:00,2024-05-19 20:00:00,-25.91276,67.20186,-28.27,45.54,73.81,1,4808.4400000000005
129,2024-05-20,2024-05-20 13:00:00,2024-05-20 06:00:00,20.143143,74.95733,0.54,30.16,29.62,1,4838.06
130,2024-05-21,2024-05-21 11:00:00,2024-05-21 21:00:00,3.827173,52.234814,14.7,34.07,19.37,1,4857.43
132,2024-05-23,2024-05-23 13:00:00,2024-05-23 20:00:00,11.3828745,63.104336,26.1,92.3,66.19999999999999,1,4923.63
133,2024-05-24,2024-05-24 02:00:00,2024-05-24 20:00:00,25.599653,84.77481,67.5,109.67,42.17,1,4965.8
135,2024-05-26,2024-05-26 13:00:00,2024-05-26 20:00:00,-11.415065,82.914375,-9.87,55.52,65.39,1,5031.1900000000005
138,2024-05-29,2024-05-29 13:00:00,2024-05-29 18:00:00,20.428614,62.279373,11.98,40.94,28.959999999999997,1,5060.150000000001
142,2024-06-02,2024-06-02 12:00:00,2024-06-02 19:00:00,-7.5647516,37.632027,-29.26,25.01,54.27,1,5114.420000000001
144,2024-06-04,2024-06-04 13:00:00,2024-06-04 22:00:00,9.249826,71.23481,-0.01,57.02,57.03,1,5171.450000000001
145,2024-06-05,2024-06-05 13:00:00,2024-06-05 05:00:00,15.017269,74.579056,0.0,35.13,35.13,1,5206.580000000001
146,2024-06-06,2024-06-06 12:00:00,2024-06-06 20:00:00,3.9420357,80.70386,7.68,88.98,81.30000000000001,1,5287.880000000001
147,2024-06-07,2024-06-07 12:00:00,2024-06-07 20:00:00,5.2936606,77.90337,18.34,78.62,60.28,1,5348.160000000001
148,2024-06-08,2024-06-08 13:00:00,2024-06-08 20:00:00,3.0419757,64.38586,-19.22,59.09,78.31,1,5426.470000000001
149,2024-06-09,2024-06-09 12:00:00,2024-06-09 21:00:00,-22.114391,56.098484,-25.4,56.9,82.3,1,5508.770000000001
150,2024-06-10,2024-06-10 11:00:00,2024-06-10 17:00:00,15.983549,76.36659,3.36,40.56,37.2,1,5545.970000000001
151,2024-06-11,2024-06-11 12:00:00,2024-06-11 06:00:00,-7.70596,65.229706,6.62,70.0,63.38,1,5609.350000000001
152,2024-06-12,2024-06-12 12:00:00,2024-06-12 19:00:00,17.631721,84.25187,24.35,45.59,21.240000000000002,1,5630.590000000001
155,2024-06-15,2024-06-15 13:00:00,2024-06-15 19:00:00,-12.261275,45.196987,-55.93,28.0,83.93,1,5714.520000000001
156,2024-06-16,2024-06-16 13:00:00,2024-06-16 20:00:00,-23.524294,49.408714,-29.05,41.26,70.31,1,5784.830000000002
158,2024-06-18,2024-06-18 13:00:00,2024-06-18 20:00:00,12.886998,80.55993,10.6,54.98,44.379999999999995,1,5829.210000000002
159,2024-06-19,2024-06-19 12:00:00,2024-06-19 22:00:00,18.257427,79.583046,22.43,85.89,63.46,1,5892.670000000002
160,2024-06-20,2024-06-20 13:00:00,2024-06-20 20:00:00,24.572065,89.72845,61.93,114.59,52.660000000000004,1,5945.330000000002
161,2024-06-21,2024-06-21 02:00:00,2024-06-21 20:00:00,42.918842,107.48392,76.22,96.49,20.269999999999996,1,5965.600000000002
162,2024-06-22,2024-06-22 13:00:00,2024-06-22 19:00:00,27.402927,90.48475,0.8,76.79,75.99000000000001,1,6041.590000000002
164,2024-06-24,2024-06-24 13:00:00,2024-06-24 20:00:00,34.414795,101.00228,15.95,113.7,97.75,1,6139.340000000002
165,2024-06-25,2024-06-25 13:00:00,2024-06-25 17:00:00,30.491182,114.2006,11.59,77.0,65.41,1,6204.750000000002
166,2024-06-26,2024-06-26 10:00:00,2024-06-26 20:00:00,22.63378,103.52768,79.41,118.98,39.57000000000001,1,6244.3200000000015
167,2024-06-27,2024-06-27 11:00:00,2024-06-27 18:00:00,80.36696,148.84218,32.38,93.5,61.12,1,6305.440000000001
168,2024-06-28,2024-06-28 13:00:00,2024-06-28 06:00:00,21.707474,94.8124,-0.01,51.18,51.19,1,6356.630000000001
169,2024-06-29,2024-06-29 12:00:00,2024-06-29 19:00:00,7.923171,99.47675,-0.06,38.29,38.35,1,6394.980000000001
171,2024-07-01,2024-07-01 13:00:00,2024-07-01 18:00:00,19.83121,101.711624,15.02,71.18,56.16000000000001,1,6451.140000000001
172,2024-07-02,2024-07-02 13:00:00,2024-07-02 20:00:00,30.400843,90.521706,4.0,109.45,105.45,1,6556.590000000001
173,2024-07-03,2024-07-03 13:00:00,2024-07-03 19:00:00,23.836895,102.84334,8.68,4.6,-4.08,1,6552.510000000001
174,2024-07-04,2024-07-04 14:00:00,2024-07-04 06:00:00,14.929153,81.85308,-12.21,31.04,43.25,1,6595.760000000001
175,2024-07-05,2024-07-05 13:00:00,2024-07-05 20:00:00,-6.205329,58.65513,1.23,106.33,105.1,1,6700.8600000000015
176,2024-07-06,2024-07-06 12:00:00,2024-07-06 20:00:00,-15.250567,69.142365,-48.08,20.39,68.47,1,6769.330000000002
177,2024-07-07,2024-07-07 11:00:00,2024-07-07 20:00:00,-31.914898,34.7491,-20.84,104.58,125.42,1,6894.750000000002
178,2024-07-08,2024-07-08 09:00:00,2024-07-08 20:00:00,14.967727,95.507416,40.88,109.0,68.12,1,6962.870000000002
179,2024-07-09,2024-07-09 12:00:00,2024-07-09 19:00:00,32.787468,104.68628,8.3,108.02,99.72,1,7062.590000000002
180,2024-07-10,2024-07-10 12:00:00,2024-07-10 19:00:00,27.372309,100.23975,38.63,94.72,56.089999999999996,1,7118.680000000002
181,2024-07-11,2024-07-11 13:00:00,2024-07-11 19:00:00,25.992,100.866135,50.98,109.55,58.57,1,7177.250000000002
182,2024-07-12,2024-07-12 13:00:00,2024-07-12 19:00:00,38.06638,93.73094,36.03,89.93,53.900000000000006,1,7231.1500000000015
183,2024-07-13,2024-07-13 14:00:00,2024-07-13 20:00:00,6.213576,68.187004,-2.54,79.66,82.2,1,7313.350000000001
184,2024-07-14,2024-07-14 11:00:00,2024-07-14 20:00:00,-12.880332,77.41866,-73.83,106.12,179.95,1,7493.300000000001
185,2024-07-15,2024-07-15 12:00:00,2024-07-15 19:00:00,10.562362,98.32109,3.9,86.08,82.17999999999999,1,7575.480000000001
187,2024-07-17,2024-07-17 13:00:00,2024-07-17 19:00:00,25.699764,111.633766,19.58,125.26,105.68,1,7681.160000000002
188,2024-07-18,2024-07-18 12:00:00,2024-07-18 19:00:00,22.12703,122.703125,40.97,138.23,97.25999999999999,1,7778.420000000002
189,2024-07-19,2024-07-19 11:00:00,2024-07-19 19:00:00,35.843517,123.57344,40.03,121.22,81.19,1,7859.6100000000015
190,2024-07-20,2024-07-20 13:00:00,2024-07-20 19:00:00,15.145236,98.55973,1.5,87.93,86.43,1,7946.040000000002
192,2024-07-22,2024-07-22 14:00:00,2024-07-22 18:00:00,33.566296,91.924484,41.89,88.79,46.900000000000006,1,7992.940000000001
193,2024-07-23,2024-07-23 12:00:00,2024-07-23 20:00:00,23.793415,94.02707,9.37,102.05,92.67999999999999,1,8085.620000000002
194,2024-07-24,2024-07-24 13:00:00,2024-07-24 18:00:00,38.966255,118.03708,5.5,108.98,103.48,1,8189.100000000001
195,2024-07-25,2024-07-25 12:00:00,2024-07-25 18:00:00,10.038515,95.6437,13.27,106.44,93.17,1,8282.27
196,2024-07-26,2024-07-26 12:00:00,2024-07-26 18:00:00,21.175554,93.488144,46.67,68.28,21.61,1,8303.880000000001
197,2024-07-27,2024-07-27 11:00:00,2024-07-27 20:00:00,-2.6087031,71.61957,17.8,60.69,42.89,1,8346.77
200,2024-07-30,2024-07-30 13:00:00,2024-07-30 19:00:00,-3.2580888,102.63487,13.65,109.53,95.88,1,8442.65
201,2024-07-31,2024-07-31 12:00:00,2024-07-31 19:00:00,23.938562,109.29455,22.63,97.1,74.47,1,8517.119999999999
202,2024-08-01,2024-08-01 12:00:00,2024-08-01 17:00:00,2.8096154,77.13109,59.96,106.07,46.10999999999999,1,8563.23
203,2024-08-02,2024-08-02 13:00:00,2024-08-02 17:00:00,46.448963,103.276,51.24,88.0,36.76,1,8599.99
204,2024-08-03,2024-08-03 11:00:00,2024-08-03 20:00:00,10.668705,78.84468,6.41,63.71,57.3,1,8657.289999999999
205,2024-08-04,2024-08-04 12:00:00,2024-08-04 19:00:00,-8.143138,82.41148,-2.16,87.44,89.6,1,8746.89
206,2024-08-05,2024-08-05 01:00:00,2024-08-05 18:00:00,37.320705,111.730034,19.44,109.62,90.18,1,8837.07
207,2024-08-06,2024-08-06 13:00:00,2024-08-06 18:00:00,13.060969,104.602,19.53,77.01,57.480000000000004,1,8894.55
208,2024-08-07,2024-08-07 12:00:00,2024-08-07 18:00:00,19.701218,97.54445,16.79,62.61,45.82,1,8940.369999999999
209,2024-08-08,2024-08-08 10:00:00,2024-08-08 17:00:00,16.438766,83.48643,29.69,52.09,22.400000000000002,1,8962.769999999999
210,2024-08-09,2024-08-09 12:00:00,2024-08-09 19:00:00,3.121493,63.076595,-0.72,89.9,90.62,1,9053.39
211,2024-08-10,2024-08-10 11:00:00,2024-08-10 20:00:00,-32.875347,54.971245,-29.87,88.35,118.22,1,9171.609999999999
212,2024-08-11,2024-08-11 10:00:00,2024-08-11 20:00:00,-18.804028,100.10246,-30.64,54.24,84.88,1,9256.489999999998
213,2024-08-12,2024-08-12 13:00:00,2024-08-12 20:00:00,-4.0222287,81.3128,27.49,108.51,81.02000000000001,1,9337.509999999998
214,2024-08-13,2024-08-13 12:00:00,2024-08-13 18:00:00,-1.4537389,117.464066,50.97,108.29,57.32000000000001,1,9394.829999999998
215,2024-08-14,2024-08-14 13:00:00,2024-08-14 17:00:00,46.770954,117.6999,65.61,115.77,50.16,1,9444.989999999998
217,2024-08-16,2024-08-16 13:00:00,2024-08-16 19:00:00,32.906143,109.276566,56.27,114.51,58.24,1,9503.229999999998
218,2024-08-17,2024-08-17 12:00:00,2024-08-17 21:00:00,10.504525,90.52916,34.72,105.02,70.3,1,9573.529999999997
219,2024-08-18,2024-08-18 12:00:00,2024-08-18 19:00:00,16.213718,111.93646,0.05,110.34,110.29,1,9683.819999999998
220,2024-08-19,2024-08-19 11:00:00,2024-08-19 19:00:00,37.957832,116.140366,69.0,116.74,47.739999999999995,1,9731.559999999998
221,2024-08-20,2024-08-20 12:00:00,2024-08-20 19:00:00,47.702442,120.04649,18.58,73.29,54.71000000000001,1,9786.269999999997
222,2024-08-21,2024-08-21 00:00:00,2024-08-21 17:00:00,49.005695,96.98567,22.71,95.94,73.22999999999999,1,9859.499999999996
223,2024-08-22,2024-08-22 12:00:00,2024-08-22 19:00:00,31.18741,98.05922,-1.37,112.96,114.33,1,9973.829999999996
224,2024-08-23,2024-08-23 12:00:00,2024-08-23 18:00:00,1.2218966,105.78569,-8.98,112.83,121.81,1,10095.639999999996
225,2024-08-24,2024-08-24 11:00:00,2024-08-24 19:00:00,-4.6950974,111.46638,-38.33,72.6,110.92999999999999,1,10206.569999999996
226,2024-08-25,2024-08-25 12:00:00,2024-08-25 19:00:00,-17.811415,84.941895,-16.7,109.91,126.61,1,10333.179999999997
227,2024-08-26,2024-08-26 12:00:00,2024-08-26 19:00:00,39.198208,116.85979,43.72,114.97,71.25,1,10404.429999999997
228,2024-08-27,2024-08-27 11:00:00,2024-08-27 18:00:00,37.634014,117.096664,4.79,125.14,120.35,1,10524.779999999997
229,2024-08-28,2024-08-28 12:00:00,2024-08-28 18:00:00,37.872646,122.16908,18.12,125.78,107.66,1,10632.439999999997
230,2024-08-29,2024-08-29 11:00:00,2024-08-29 17:00:00,45.30795,117.244194,48.09,128.18,80.09,1,10712.529999999997
231,2024-08-30,2024-08-30 12:00:00,2024-08-30 18:00:00,49.22851,119.8325,79.9,105.31,25.409999999999997,1,10737.939999999997
232,2024-08-31,2024-08-31 13:00:00,2024-08-31 17:00:00,33.097027,111.6117,17.78,120.38,102.6,1,10840.539999999997
233,2024-09-01,2024-09-01 13:00:00,2024-09-01 18:00:00,4.9887896,108.079636,10.87,127.02,116.14999999999999,1,10956.689999999997
234,2024-09-02,2024-09-02 02:00:00,2024-09-02 17:00:00,58.767624,138.62302,87.22,130.0,42.78,1,10999.469999999998
235,2024-09-03,2024-09-03 11:00:00,2024-09-03 18:00:00,57.191013,124.53136,83.08,131.0,47.92,1,11047.389999999998
236,2024-09-04,2024-09-04 13:00:00,2024-09-04 18:00:00,71.28041,125.43711,92.72,122.81,30.090000000000003,1,11077.479999999998
237,2024-09-05,2024-09-05 02:00:00,2024-09-05 17:00:00,79.796844,126.02923,78.4,110.79,32.39,1,11109.869999999997
238,2024-09-06,2024-09-06 13:00:00,2024-09-06 17:00:00,56.440067,106.470436,46.14,104.41,58.269999999999996,1,11168.139999999998
239,2024-09-07,2024-09-07 11:00:00,2024-09-07 18:00:00,11.279566,103.619125,1.02,103.95,102.93,1,11271.069999999998
241,2024-09-09,2024-09-09 13:00:00,2024-09-09 19:00:00,51.59656,113.476746,6.12,96.31,90.19,1,11361.259999999998
242,2024-09-10,2024-09-10 11:00:00,2024-09-10 18:00:00,31.390371,123.12463,3.75,85.23,81.48,1,11442.739999999998
244,2024-09-12,2024-09-12 02:00:00,2024-09-12 06:00:00,17.094597,103.423935,32.61,120.75,88.14,1,11530.879999999997
245,2024-09-13,2024-09-13 13:00:00,2024-09-13 06:00:00,17.210655,102.72032,4.45,118.58,114.13,1,11645.009999999997
246,2024-09-14,2024-09-14 13:00:00,2024-09-14 19:00:00,-2.6493216,81.13028,1.79,74.45,72.66,1,11717.669999999996
247,2024-09-15,2024-09-15 12:00:00,2024-09-15 20:00:00,-25.714293,82.01407,-0.36,60.74,61.1,1,11778.769999999997
250,2024-09-18,2024-09-18 13:00:00,2024-09-18 17:00:00,32.212738,73.21704,0.09,120.01,119.92,1,11898.689999999997
251,2024-09-19,2024-09-19 01:00:00,2024-09-19 18:00:00,17.717001,93.66656,18.94,112.65,93.71000000000001,1,11992.399999999996
252,2024-09-20,2024-09-20 13:00:00,2024-09-20 18:00:00,5.589872,96.44452,10.06,108.52,98.46,1,12090.859999999995
253,2024-09-21,2024-09-21 11:00:00,2024-09-21 17:00:00,-8.750271,88.01829,-3.36,79.94,83.3,1,12174.159999999994
254,2024-09-22,2024-09-22 12:00:00,2024-09-22 17:00:00,-20.519129,60.521088,0.01,102.69,102.67999999999999,1,12276.839999999995
255,2024-09-23,2024-09-23 13:00:00,2024-09-23 18:00:00,23.215384,104.90362,19.02,99.05,80.03,1,12356.869999999995
256,2024-09-24,2024-09-24 13:00:00,2024-09-24 17:00:00,30.239355,103.46915,26.18,124.76,98.58000000000001,1,12455.449999999995
257,2024-09-25,2024-09-25 12:00:00,2024-09-25 17:00:00,22.445314,109.82737,36.23,60.8,24.57,1,12480.019999999995
258,2024-09-26,2024-09-26 12:00:00,2024-09-26 17:00:00,22.665894,83.26431,7.55,55.23,47.68,1,12527.699999999995
259,2024-09-27,2024-09-27 13:00:00,2024-09-27 17:00:00,10.803835,69.00789,-0.01,69.85,69.86,1,12597.559999999996
261,2024-09-29,2024-09-29 12:00:00,2024-09-29 18:00:00,-12.16122,70.69072,-0.45,35.17,35.620000000000005,1,12633.179999999997
263,2024-10-01,2024-10-01 13:00:00,2024-10-01 18:00:00,16.243422,53.92913,57.98,120.64,62.660000000000004,1,12695.839999999997
264,2024-10-02,2024-10-02 03:00:00,2024-10-02 17:00:00,39.579556,116.79573,79.43,136.26,56.829999999999984,1,12752.669999999996
267,2024-10-05,2024-10-05 13:00:00,2024-10-05 18:00:00,35.910774,111.183395,2.46,95.18,92.72000000000001,1,12845.389999999996
269,2024-10-07,2024-10-07 13:00:00,2024-10-07 19:00:00,50.980648,88.560745,29.98,67.73,37.75,1,12883.139999999996
270,2024-10-08,2024-10-08 01:00:00,2024-10-08 17:00:00,40.06974,93.649345,7.0,79.9,72.9,1,12956.039999999995
273,2024-10-11,2024-10-11 01:00:00,2024-10-11 17:00:00,17.052572,90.96428,67.91,154.3,86.39000000000001,1,13042.429999999995
275,2024-10-13,2024-10-13 12:00:00,2024-10-13 18:00:00,15.504569,82.463905,-0.01,63.26,63.269999999999996,1,13105.699999999995
276,2024-10-14,2024-10-14 12:00:00,2024-10-14 17:00:00,33.345028,85.34915,74.16,161.89,87.72999999999999,1,13193.429999999995
277,2024-10-15,2024-10-15 01:00:00,2024-10-15 17:00:00,39.343407,130.6447,61.33,104.3,42.97,1,13236.399999999994
278,2024-10-16,2024-10-16 02:00:00,2024-10-16 17:00:00,40.134277,102.88729,1.48,83.91,82.42999999999999,1,13318.829999999994
279,2024-10-17,2024-10-17 02:00:00,2024-10-17 17:00:00,21.90965,91.25194,10.01,99.6,89.58999999999999,1,13408.419999999995
280,2024-10-18,2024-10-18 01:00:00,2024-10-18 17:00:00,27.122978,85.67279,30.3,138.94,108.64,1,13517.059999999994
281,2024-10-19,2024-10-19 13:00:00,2024-10-19 17:00:00,17.909105,99.07392,5.79,70.0,64.21,1,13581.269999999993
282,2024-10-20,2024-10-20 13:00:00,2024-10-20 17:00:00,8.288491,77.94741,0.0,47.41,47.41,1,13628.679999999993
284,2024-10-22,2024-10-22 01:00:00,2024-10-22 17:00:00,38.259224,122.70286,68.98,158.91,89.92999999999999,1,13718.609999999993
285,2024-10-23,2024-10-23 13:00:00,2024-10-23 17:00:00,43.149796,114.258675,59.99,155.8,95.81,1,13814.419999999993
286,2024-10-24,2024-10-24 13:00:00,2024-10-24 17:00:00,44.289467,131.96544,24.55,110.16,85.61,1,13900.029999999993
287,2024-10-25,2024-10-25 13:00:00,2024-10-25 17:00:00,35.189865,106.41346,42.0,102.17,60.17,1,13960.199999999993
288,2024-10-26,2024-10-26 13:00:00,2024-10-26 17:00:00,16.002779,80.8873,46.02,99.02,52.99999999999999,1,14013.199999999993
289,2024-10-27,2024-10-27 12:00:00,2024-10-27 17:00:00,15.545753,81.10908,40.0,96.27,56.269999999999996,1,14069.469999999994
290,2024-10-28,2024-10-28 02:00:00,2024-10-28 18:00:00,58.006695,126.92729,43.1,133.66,90.56,1,14160.029999999993
291,2024-10-29,2024-10-29 02:00:00,2024-10-29 17:00:00,48.43594,135.84676,49.28,160.11,110.83000000000001,1,14270.859999999993
292,2024-10-30,2024-10-30 02:00:00,2024-10-30 18:00:00,53.14752,137.9972,44.6,143.36,98.76000000000002,1,14369.619999999994
293,2024-10-31,2024-10-31 03:00:00,2024-10-31 17:00:00,49.383305,136.21167,70.99,134.14,63.14999999999999,1,14432.769999999993
294,2024-11-01,2024-11-01 03:00:00,2024-11-01 17:00:00,64.08439,121.79071,66.94,125.88,58.94,1,14491.709999999994
296,2024-11-03,2024-11-03 12:00:00,2024-11-03 18:00:00,40.80418,106.024635,40.0,114.01,74.01,1,14565.719999999994
297,2024-11-04,2024-11-04 12:00:00,2024-11-04 17:00:00,63.509094,137.66035,90.1,160.54,70.44,1,14636.159999999994
298,2024-11-05,2024-11-05 01:00:00,2024-11-05 17:00:00,84.39864,144.78284,88.38,193.0,104.62,1,14740.779999999995
299,2024-11-06,2024-11-06 11:00:00,2024-11-06 17:00:00,85.222786,175.12068,111.0,171.89,60.889999999999986,1,14801.669999999995
300,2024-11-07,2024-11-07 03:00:00,2024-11-07 17:00:00,67.523125,170.60732,83.77,151.49,67.72000000000001,1,14869.389999999994
301,2024-11-08,2024-11-08 12:00:00,2024-11-08 17:00:00,75.459114,144.58264,106.81,133.58,26.77000000000001,1,14896.159999999994
302,2024-11-09,2024-11-09 04:00:00,2024-11-09 17:00:00,83.6838,128.82375,100.17,133.34,33.17,1,14929.329999999994
303,2024-11-10,2024-11-10 13:00:00,2024-11-10 18:00:00,78.62946,126.462364,103.24,128.02,24.780000000000015,1,14954.109999999995
304,2024-11-11,2024-11-11 02:00:00,2024-11-11 18:00:00,56.699585,123.62331,85.38,120.06,34.68000000000001,1,14988.789999999995
305,2024-11-12,2024-11-12 03:00:00,2024-11-12 17:00:00,81.48633,129.33998,31.24,150.04,118.8,1,15107.589999999995
306,2024-11-13,2024-11-13 02:00:00,2024-11-13 17:00:00,51.876923,146.58733,95.33,179.09,83.76,1,15191.349999999995
308,2024-11-15,2024-11-15 03:00:00,2024-11-15 18:00:00,84.02526,141.43456,104.81,134.05,29.24000000000001,1,15220.589999999995
309,2024-11-16,2024-11-16 04:00:00,2024-11-16 18:00:00,100.70193,131.77567,91.98,128.91,36.92999999999999,1,15257.519999999995
310,2024-11-17,2024-11-17 23:00:00,2024-11-17 17:00:00,66.58134,131.45245,92.81,135.43,42.620000000000005,1,15300.139999999996
311,2024-11-18,2024-11-18 03:00:00,2024-11-18 16:00:00,41.152542,136.8818,69.96,154.69,84.73,1,15384.869999999995
312,2024-11-19,2024-11-19 03:00:00,2024-11-19 17:00:00,70.46993,183.05661,2.79,135.93,133.14000000000001,1,15518.009999999995
313,2024-11-20,2024-11-20 03:00:00,2024-11-20 17:00:00,27.094414,138.01564,76.15,143.18,67.03,1,15585.039999999995
314,2024-11-21,2024-11-21 03:00:00,2024-11-21 16:00:00,63.620255,149.68175,84.23,130.93,46.7,1,15631.739999999996
315,2024-11-22,2024-11-22 23:00:00,2024-11-22 16:00:00,74.06139,135.4212,113.9,131.84,17.939999999999998,1,15649.679999999997
316,2024-11-23,2024-11-23 02:00:00,2024-11-23 17:00:00,73.05745,137.70111,83.17,91.28,8.11,1,15657.789999999997
319,2024-11-26,2024-11-26 02:00:00,2024-11-26 16:00:00,77.078575,145.19734,73.04,148.85,75.80999999999999,1,15733.599999999997
320,2024-11-27,2024-11-27 02:00:00,2024-11-27 07:00:00,76.83164,144.50612,54.1,108.1,53.99999999999999,1,15787.599999999997
321,2024-11-28,2024-11-28 03:00:00,2024-11-28 17:00:00,28.11889,129.69533,69.27,158.24,88.97000000000001,1,15876.569999999996
322,2024-11-29,2024-11-29 02:00:00,2024-11-29 17:00:00,49.959743,149.78114,94.04,142.67,48.62999999999998,1,15925.199999999995
323,2024-11-30,2024-11-30 12:00:00,2024-11-30 07:00:00,67.42505,131.53244,92.0,113.09,21.090000000000003,1,15946.289999999995
324,2024-12-01,2024-12-01 01:00:00,2024-12-01 17:00:00,44.982224,132.47168,88.14,124.76,36.620000000000005,1,15982.909999999996
325,2024-12-02,2024-12-02 23:00:00,2024-12-02 16:00:00,73.002045,129.73611,111.74,136.02,24.280000000000015,1,16007.189999999997
326,2024-12-03,2024-12-03 03:00:00,2024-12-03 17:00:00,54.59978,137.4844,104.47,197.88,93.41,1,16100.599999999997
327,2024-12-04,2024-12-04 02:00:00,2024-12-04 16:00:00,94.79315,186.06839,108.9,219.09,110.19,1,16210.789999999997
328,2024-12-05,2024-12-05 03:00:00,2024-12-05 07:00:00,73.892746,180.26959,90.72,142.14,51.41999999999999,1,16262.209999999997
329,2024-12-06,2024-12-06 23:00:00,2024-12-06 17:00:00,42.141487,127.88683,73.45,146.85,73.39999999999999,1,16335.609999999997
330,2024-12-07,2024-12-07 01:00:00,2024-12-07 17:00:00,33.715405,110.59658,65.27,56.34,-8.929999999999993,1,16326.679999999997
331,2024-12-08,2024-12-08 02:00:00,2024-12-08 20:00:00,31.967712,68.84744,8.23,72.4,64.17,1,16390.849999999995
332,2024-12-09,2024-12-09 02:00:00,2024-12-09 17:00:00,46.15816,142.2803,13.99,132.06,118.07000000000001,1,16508.919999999995
333,2024-12-10,2024-12-10 02:00:00,2024-12-10 16:00:00,59.609715,132.99623,85.0,160.6,75.6,1,16584.519999999993
334,2024-12-11,2024-12-11 03:00:00,2024-12-11 17:00:00,78.17349,160.34492,100.85,276.0,175.15,1,16759.669999999995
336,2024-12-13,2024-12-13 02:00:00,2024-12-13 17:00:00,87.83172,202.43208,114.95,260.0,145.05,1,16904.719999999994
337,2024-12-14,2024-12-14 23:00:00,2024-12-14 18:00:00,85.284676,187.52005,86.56,124.61,38.05,1,16942.769999999993
338,2024-12-15,2024-12-15 04:00:00,2024-12-15 16:00:00,69.01436,130.4432,56.13,93.13,36.99999999999999,1,16979.769999999993
339,2024-12-16,2024-12-16 01:00:00,2024-12-16 17:00:00,63.207962,138.91978,15.96,118.02,102.06,1,17081.829999999994
340,2024-12-17,2024-12-17 02:00:00,2024-12-17 18:00:00,52.932816,127.35787,41.47,110.45,68.98,1,17150.809999999994
341,2024-12-18,2024-12-18 03:00:00,2024-12-18 17:00:00,48.87211,129.78929,7.01,80.91,73.89999999999999,1,17224.709999999995
342,2024-12-19,2024-12-19 03:00:00,2024-12-19 07:00:00,33.088985,97.167404,3.95,79.71,75.75999999999999,1,17300.469999999994
343,2024-12-20,2024-12-20 02:00:00,2024-12-20 17:00:00,22.089018,93.52381,20.15,103.37,83.22,1,17383.689999999995
344,2024-12-21,2024-12-21 03:00:00,2024-12-21 07:00:00,30.672728,81.15398,18.11,37.69,19.58,1,17403.269999999997
345,2024-12-22,2024-12-22 00:00:00,2024-12-22 18:00:00,14.60358,64.052666,7.92,72.5,64.58,1,17467.85
346,2024-12-23,2024-12-23 02:00:00,2024-12-23 17:00:00,18.901455,101.92877,7.33,114.72,107.39,1,17575.239999999998
347,2024-12-24,2024-12-24 03:00:00,2024-12-24 18:00:00,35.02564,116.456955,78.78,105.66,26.879999999999995,1,17602.12
348,2024-12-25,2024-12-25 03:00:00,2024-12-25 16:00:00,60.06593,104.72202,75.99,120.5,44.510000000000005,1,17646.629999999997
349,2024-12-26,2024-12-26 03:00:00,2024-12-26 16:00:00,62.551796,112.34143,90.87,137.9,47.03,1,17693.659999999996
350,2024-12-27,2024-12-27 02:00:00,2024-12-27 17:00:00,86.728584,136.25546,99.74,158.4,58.66000000000001,1,17752.319999999996
352,2024-12-29,2024-12-29 04:00:00,2024-12-29 17:00:00,77.294334,148.93158,98.61,134.4,35.790000000000006,1,17788.109999999997
353,2024-12-30,2024-12-30 03:00:00,2024-12-30 17:00:00,97.454254,152.78038,82.97,140.12,57.150000000000006,1,17845.26
